case,seed,rounds,first95,first99,first100,switch,mode_at_switch,post95,post99,post100,final_share,final_mode10,final10_elig_event_fraction,imitator_events,empty_decisions,decisions,births,truncated_birth_networks,empty_birth_networks
base,2001,600,21,21,-1,-1,-1,-1,-1,-1,0.993308,65,0.963466,59714,2322,84288,81387,1742,97
base,2002,600,17,18,-1,-1,-1,-1,-1,-1,0.994676,65,0.957409,59668,2208,79198,81444,1715,88
base,2003,600,25,25,-1,-1,-1,-1,-1,-1,0.995276,65,0.968858,59550,2364,85906,81284,1787,92
base,2004,600,16,17,-1,-1,-1,-1,-1,-1,0.994699,65,0.959024,59981,2218,77102,81333,1739,94
base,2005,600,18,18,-1,-1,-1,-1,-1,-1,0.998129,65,0.958478,60075,2021,75638,81243,1777,100
base,2006,600,17,17,-1,-1,-1,-1,-1,-1,0.998072,65,0.968723,59858,2170,76909,81402,1685,100
base,2007,600,20,21,-1,-1,-1,-1,-1,-1,0.993285,65,0.9618,59678,2193,81736,81315,1838,102
base,2008,600,12,13,54,-1,-1,-1,-1,-1,0.996178,65,0.959765,60016,2115,72090,81494,1738,96
base,2009,600,19,19,41,-1,-1,-1,-1,-1,0.995252,65,0.975465,59698,2370,80937,81228,1813,93
base,2010,600,13,14,-1,-1,-1,-1,-1,-1,0.995167,65,0.963717,59768,2210,73472,81530,1738,103
base,2011,600,14,15,-1,-1,-1,-1,-1,-1,0.993705,65,0.96351,59931,2480,75266,81474,1740,99
base,2012,600,15,16,-1,-1,-1,-1,-1,-1,0.996203,65,0.968386,59669,2344,76440,81458,1728,98
base,2013,600,15,16,-1,-1,-1,-1,-1,-1,0.997166,65,0.967326,59900,2224,75960,81467,1708,98
base,2014,600,16,17,-1,-1,-1,-1,-1,-1,0.995199,65,0.961274,59940,2504,77361,81482,1759,110
base,2015,600,14,14,-1,-1,-1,-1,-1,-1,0.994874,65,0.9699,59938,1938,74168,81403,1777,96
base,2016,600,13,13,-1,-1,-1,-1,-1,-1,0.993427,65,0.965833,60085,1957,72921,81267,1653,84
base,2017,600,16,16,-1,-1,-1,-1,-1,-1,0.996673,65,0.95302,60032,2201,76682,81348,1756,91
base,2018,600,21,22,-1,-1,-1,-1,-1,-1,0.997001,65,0.960317,59840,2454,80857,81372,1729,105
base,2019,600,12,12,-1,-1,-1,-1,-1,-1,0.996623,65,0.965401,60162,2055,72519,81406,1668,89
base,2020,600,23,23,-1,-1,-1,-1,-1,-1,0.993789,65,0.955251,59602,1950,84658,81445,1678,73
base,2021,600,27,27,-1,-1,-1,-1,-1,-1,0.997698,65,0.960526,59385,2503,88606,81331,1777,114
base,2022,600,16,16,-1,-1,-1,-1,-1,-1,0.996305,65,0.951876,59999,2290,75298,81359,1726,99
base,2023,600,15,16,-1,-1,-1,-1,-1,-1,0.996679,65,0.955102,60026,1982,75232,81434,1684,74
base,2024,600,11,12,-1,-1,-1,-1,-1,-1,0.993768,65,0.963987,60061,2583,72558,81382,1768,108
base,2025,600,21,21,39,-1,-1,-1,-1,-1,0.998566,65,0.956785,59788,2306,79281,81396,1785,108
base,2026,600,23,23,-1,-1,-1,-1,-1,-1,0.994799,65,0.968421,59629,2506,84617,81406,1772,109
base,2027,600,15,16,-1,-1,-1,-1,-1,-1,0.995873,65,0.96351,59879,2438,76081,81264,1699,101
base,2028,600,17,17,18,-1,-1,-1,-1,-1,0.995318,65,0.954774,59929,2319,77094,81322,1837,102
base,2029,600,13,13,-1,-1,-1,-1,-1,-1,0.995249,65,0.960951,59896,2095,73432,81361,1730,105
base,2030,600,28,28,-1,-1,-1,-1,-1,-1,0.996703,65,0.967241,59281,2362,89868,81369,1776,107
base,2031,600,27,27,-1,-1,-1,-1,-1,-1,0.994789,65,0.969849,59502,2556,85940,81473,1831,113
base,2032,600,17,17,-1,-1,-1,-1,-1,-1,0.996293,65,0.960866,59799,2656,78481,81315,1769,102
base,2033,600,22,23,-1,-1,-1,-1,-1,-1,0.995413,65,0.958162,59808,2003,80025,81299,1762,79
base,2034,600,17,18,-1,-1,-1,-1,-1,-1,0.995211,65,0.965729,59875,2378,78154,81314,1827,101
base,2035,600,11,12,-1,-1,-1,-1,-1,-1,0.99615,65,0.965338,59977,2352,72340,81327,1725,100
base,2036,600,17,17,-1,-1,-1,-1,-1,-1,0.996209,65,0.962312,59831,2352,78592,81404,1780,98
base,2037,600,11,12,14,-1,-1,-1,-1,-1,0.994977,65,0.963516,60201,2422,72983,81362,1733,100
base,2038,600,14,15,-1,-1,-1,-1,-1,-1,0.996161,65,0.962733,59987,2285,75513,81279,1770,92
base,2039,600,12,13,-1,-1,-1,-1,-1,-1,0.996284,65,0.965606,59821,2548,72915,81426,1778,99
base,2040,600,23,23,-1,-1,-1,-1,-1,-1,0.996704,65,0.969828,59539,2112,82956,81332,1766,98
base,2041,600,17,18,-1,-1,-1,-1,-1,-1,0.995117,65,0.968617,59782,2149,78315,81414,1731,100
base,2042,600,20,21,-1,-1,-1,-1,-1,-1,0.996735,65,0.96824,59664,2098,81300,81421,1738,92
base,2043,600,18,19,-1,-1,-1,-1,-1,-1,0.992168,65,0.965969,59596,2270,79071,81418,1734,108
base,2044,600,21,21,-1,-1,-1,-1,-1,-1,0.993314,65,0.964625,59659,2168,81453,81437,1713,99
base,2045,600,16,17,35,-1,-1,-1,-1,-1,0.996726,65,0.972081,59924,2496,76863,81428,1698,93
base,2046,600,18,19,45,-1,-1,-1,-1,-1,0.994821,65,0.973776,59704,2452,79468,81391,1718,99
base,2047,600,12,13,-1,-1,-1,-1,-1,-1,0.998079,65,0.96359,60045,2099,71593,81382,1733,88
base,2048,600,21,22,500,-1,-1,-1,-1,-1,0.997597,65,0.950791,59494,2425,83355,81441,1772,103
base,2049,600,15,15,35,-1,-1,-1,-1,-1,0.997605,65,0.975221,59905,2296,76798,81373,1761,96
base,2050,600,19,19,235,-1,-1,-1,-1,-1,0.995698,65,0.958048,60059,2161,78975,81376,1707,92
slow,2001,600,62,62,-1,-1,-1,-1,-1,-1,0.996169,65,0.958227,60147,2660,155648,81421,1698,95
slow,2002,600,62,62,-1,-1,-1,-1,-1,-1,0.993132,65,0.952822,60330,2733,154359,81336,1688,107
slow,2003,600,59,60,-1,-1,-1,-1,-1,-1,0.997094,65,0.965639,60685,2562,151237,81428,1740,95
slow,2004,600,69,69,-1,-1,-1,-1,-1,-1,0.993894,65,0.960102,59488,2860,171205,81342,1705,118
slow,2005,600,63,64,-1,-1,-1,-1,-1,-1,0.997235,65,0.965,60077,2456,160713,81379,1788,88
slow,2006,600,55,55,-1,-1,-1,-1,-1,-1,0.994169,65,0.951881,61191,2980,133633,81512,1789,119
slow,2007,600,61,61,-1,-1,-1,-1,-1,-1,0.995761,65,0.969466,60349,2401,151897,81387,1775,98
slow,2008,600,70,71,-1,-1,-1,-1,-1,-1,0.995281,65,0.972556,59437,2398,169579,81461,1738,87
slow,2009,600,52,53,-1,-1,-1,-1,-1,-1,0.995318,65,0.963485,61484,2780,126815,81321,1745,95
slow,2010,600,62,62,363,-1,-1,-1,-1,-1,0.994169,65,0.963668,60249,2584,153423,81384,1792,92
slow,2011,600,61,61,-1,-1,-1,-1,-1,-1,0.994729,65,0.958188,60749,2283,146702,81365,1708,86
slow,2012,600,55,55,-1,-1,-1,-1,-1,-1,0.994874,65,0.977883,61102,2859,134942,81382,1759,120
slow,2013,600,64,64,-1,-1,-1,-1,-1,-1,0.995696,65,0.966786,59820,2179,161635,81304,1767,86
slow,2014,600,65,66,-1,-1,-1,-1,-1,-1,0.995804,65,0.961832,59895,2741,161254,81411,1697,95
slow,2015,600,67,68,-1,-1,-1,-1,-1,-1,0.994914,65,0.954098,59549,2476,167313,81346,1712,95
slow,2016,600,67,68,-1,-1,-1,-1,-1,-1,0.997043,65,0.962347,59719,2470,164715,81242,1731,107
slow,2017,600,55,56,-1,-1,-1,-1,-1,-1,0.994977,65,0.958166,61247,2703,136883,81284,1785,99
slow,2018,600,52,52,-1,-1,-1,-1,-1,-1,0.994051,65,0.945008,61145,2532,128745,81467,1724,95
slow,2019,600,51,51,-1,-1,-1,-1,-1,-1,0.995281,65,0.967014,61938,2527,121461,81304,1733,100
slow,2020,600,65,65,-1,-1,-1,-1,-1,-1,0.993461,65,0.968855,59618,2689,162593,81453,1740,98
slow,2021,600,61,61,-1,-1,-1,-1,-1,-1,0.995818,65,0.95645,60155,2614,153840,81323,1771,96
slow,2022,600,57,58,-1,-1,-1,-1,-1,-1,0.997158,65,0.960363,60842,2141,143489,81420,1634,95
slow,2023,600,58,58,-1,-1,-1,-1,-1,-1,0.993214,65,0.968614,60694,2253,145150,81526,1718,101
slow,2024,600,64,64,-1,-1,-1,-1,-1,-1,0.994757,65,0.958261,59953,2426,160372,81352,1623,97
slow,2025,600,66,66,-1,-1,-1,-1,-1,-1,0.993365,65,0.977099,60426,2374,155119,81424,1752,94
slow,2026,600,61,61,-1,-1,-1,-1,-1,-1,0.995904,65,0.95535,60122,2430,151962,81387,1746,95
slow,2027,600,66,66,-1,-1,-1,-1,-1,-1,0.996225,65,0.957035,59854,2559,165692,81324,1720,106
slow,2028,600,57,57,-1,-1,-1,-1,-1,-1,0.991388,65,0.960203,61049,2601,138791,81404,1841,109
slow,2029,600,57,58,-1,-1,-1,-1,-1,-1,0.996695,65,0.964255,60805,2667,139928,81376,1738,104
slow,2030,600,66,66,-1,-1,-1,-1,-1,-1,0.995265,65,0.966928,58987,2539,171221,81436,1758,89
slow,2031,600,70,71,-1,-1,-1,-1,-1,-1,0.995224,65,0.970439,59078,2412,174493,81381,1777,89
slow,2032,600,60,61,-1,-1,-1,-1,-1,-1,0.993295,65,0.959239,60858,2229,145589,81391,1801,94
slow,2033,600,56,56,-1,-1,-1,-1,-1,-1,0.997128,65,0.962625,60709,2467,140877,81304,1747,94
slow,2034,600,59,59,-1,-1,-1,-1,-1,-1,0.996172,65,0.966057,60843,2661,145255,81402,1711,97
slow,2035,600,56,56,-1,-1,-1,-1,-1,-1,0.997147,65,0.971606,60796,2624,138512,81388,1799,98
slow,2036,600,61,61,-1,-1,-1,-1,-1,-1,0.991412,65,0.95777,60235,2604,151489,81441,1767,100
slow,2037,600,52,52,-1,-1,-1,-1,-1,-1,0.995953,65,0.966425,61345,2461,125833,81582,1697,105
slow,2038,600,65,65,-1,-1,-1,-1,-1,-1,0.994632,65,0.961846,59921,2525,160627,81439,1742,97
slow,2039,600,61,61,-1,-1,-1,-1,-1,-1,0.996715,65,0.96359,60229,2442,149244,81515,1775,100
slow,2040,600,60,60,-1,-1,-1,-1,-1,-1,0.994872,65,0.964404,60559,2313,151126,81361,1760,101
slow,2041,600,57,57,-1,-1,-1,-1,-1,-1,0.993081,65,0.957107,61039,2504,138671,81359,1770,109
slow,2042,600,58,58,-1,-1,-1,-1,-1,-1,0.997604,65,0.963652,60877,2625,141404,81493,1785,105
slow,2043,600,62,62,-1,-1,-1,-1,-1,-1,0.995623,65,0.965909,60027,2582,156410,81402,1821,102
slow,2044,600,64,64,-1,-1,-1,-1,-1,-1,0.994345,65,0.96652,59834,2967,160875,81390,1753,116
slow,2045,600,56,56,-1,-1,-1,-1,-1,-1,0.99284,65,0.959091,61218,2567,134995,81381,1813,108
slow,2046,600,61,61,-1,-1,-1,-1,-1,-1,0.996741,65,0.958261,60223,2462,153525,81300,1689,93
slow,2047,600,56,57,-1,-1,-1,-1,-1,-1,0.996721,65,0.967024,60836,2309,141235,81340,1691,100
slow,2048,600,66,66,-1,-1,-1,-1,-1,-1,0.994369,65,0.964758,59598,2975,166674,81373,1731,111
slow,2049,600,62,62,-1,-1,-1,-1,-1,-1,0.994673,65,0.963222,59933,2385,156959,81407,1788,87
slow,2050,600,58,59,-1,-1,-1,-1,-1,-1,0.995681,65,0.962433,60513,2585,145836,81290,1736,102
all,2001,600,-1,-1,-1,-1,-1,-1,-1,-1,0.15153,65,0.87037,74,1306,1065083,81387,1742,97
all,2002,600,-1,-1,-1,-1,-1,-1,-1,-1,0.148112,65,0.81768,72,1200,1060961,81444,1715,88
all,2003,600,-1,-1,-1,-1,-1,-1,-1,-1,0.148323,65,0.846154,120,1233,1062681,81284,1787,92
all,2004,600,-1,-1,-1,-1,-1,-1,-1,-1,0.148916,65,0.81768,79,1217,1064464,81333,1739,94
all,2005,600,-1,-1,-1,-1,-1,-1,-1,-1,0.148269,65,0.824242,85,995,1066709,81243,1777,100
all,2006,600,-1,-1,-1,-1,-1,-1,-1,-1,0.150843,65,0.869822,98,1179,1059246,81402,1685,100
all,2007,600,-1,-1,-1,-1,-1,-1,-1,-1,0.135252,65,0.789773,94,1079,1067029,81315,1838,102
all,2008,600,-1,-1,-1,-1,-1,-1,-1,-1,0.143813,65,0.82967,64,1070,1056643,81494,1738,96
all,2009,600,-1,-1,-1,-1,-1,-1,-1,-1,0.135802,65,0.904459,124,1218,1062547,81228,1813,93
all,2010,600,-1,-1,-1,-1,-1,-1,-1,-1,0.148864,65,0.826347,70,1118,1058207,81530,1738,103
all,2011,600,-1,-1,-1,-1,-1,-1,-1,-1,0.147215,65,0.824742,84,1392,1060299,81474,1740,99
all,2012,600,-1,-1,-1,-1,-1,-1,-1,-1,0.1514,65,0.892655,98,1236,1055446,81458,1728,98
all,2013,600,-1,-1,-1,-1,-1,-1,-1,-1,0.147378,65,0.843575,82,1182,1062053,81467,1708,98
all,2014,600,-1,-1,-1,-1,-1,-1,-1,-1,0.149304,65,0.822368,73,1298,1059411,81482,1759,110
all,2015,600,-1,-1,-1,-1,-1,-1,-1,-1,0.145853,65,0.845304,118,977,1061114,81403,1777,96
all,2016,600,-1,-1,-1,-1,-1,-1,-1,-1,0.144131,65,0.843902,87,899,1066708,81267,1653,84
all,2017,600,-1,-1,-1,-1,-1,-1,-1,-1,0.152567,65,0.832487,80,1079,1066455,81348,1756,91
all,2018,600,-1,-1,-1,-1,-1,-1,-1,-1,0.13943,65,0.84,110,1173,1066939,81372,1729,105
all,2019,600,-1,-1,-1,-1,-1,-1,-1,-1,0.144718,65,0.819149,91,937,1060167,81406,1668,89
all,2020,600,-1,-1,-1,-1,-1,-1,-1,-1,0.147157,65,0.812903,78,982,1063485,81445,1678,73
all,2021,600,-1,-1,-1,-1,-1,-1,-1,-1,0.149171,65,0.834254,85,1256,1060355,81331,1777,114
all,2022,600,-1,-1,-1,-1,-1,-1,-1,-1,0.146882,65,0.802956,74,1231,1061737,81359,1726,99
all,2023,600,-1,-1,-1,-1,-1,-1,-1,-1,0.153226,65,0.810945,81,913,1059552,81434,1684,74
all,2024,600,-1,-1,-1,-1,-1,-1,-1,-1,0.147651,65,0.826816,69,1410,1061727,81382,1768,108
all,2025,600,-1,-1,-1,-1,-1,-1,-1,-1,0.156788,65,0.798913,84,1268,1062519,81396,1785,108
all,2026,600,-1,-1,-1,-1,-1,-1,-1,-1,0.145154,65,0.868132,82,1536,1064605,81406,1772,109
all,2027,600,-1,-1,-1,-1,-1,-1,-1,-1,0.149014,65,0.825137,99,1348,1065542,81264,1699,101
all,2028,600,-1,-1,-1,-1,-1,-1,-1,-1,0.152622,65,0.852941,87,1232,1061964,81322,1837,102
all,2029,600,-1,-1,-1,-1,-1,-1,-1,-1,0.16342,65,0.828431,81,1084,1063614,81361,1730,105
all,2030,600,-1,-1,-1,-1,-1,-1,-1,-1,0.163919,65,0.833333,80,1319,1062643,81369,1776,107
all,2031,600,-1,-1,-1,-1,-1,-1,-1,-1,0.145902,65,0.859649,68,1386,1059675,81473,1831,113
all,2032,600,-1,-1,-1,-1,-1,-1,-1,-1,0.145505,65,0.772487,92,1446,1066172,81315,1769,102
all,2033,600,-1,-1,-1,-1,-1,-1,-1,-1,0.142661,65,0.768786,94,897,1064616,81299,1762,79
all,2034,600,-1,-1,-1,-1,-1,-1,-1,-1,0.145115,65,0.837349,78,1270,1065557,81314,1827,101
all,2035,600,-1,-1,-1,-1,-1,-1,-1,-1,0.154475,65,0.839779,71,1269,1063943,81327,1725,100
all,2036,600,-1,-1,-1,-1,-1,-1,-1,-1,0.154976,65,0.857895,68,1288,1063100,81404,1780,98
all,2037,600,-1,-1,-1,-1,-1,-1,-1,-1,0.146575,65,0.819672,79,1216,1064030,81362,1733,100
all,2038,600,-1,-1,-1,-1,-1,-1,-1,-1,0.15595,65,0.845304,112,1191,1066285,81279,1770,92
all,2039,600,-1,-1,-1,-1,-1,-1,-1,-1,0.154668,65,0.874346,75,1358,1057353,81426,1778,99
all,2040,600,-1,-1,-1,-1,-1,-1,-1,-1,0.148305,65,0.878049,86,1128,1064957,81332,1766,98
all,2041,600,-1,-1,-1,-1,-1,-1,-1,-1,0.13623,65,0.87574,115,1170,1062110,81414,1731,100
all,2042,600,-1,-1,-1,-1,-1,-1,-1,-1,0.145056,65,0.847059,122,1057,1058398,81421,1738,92
all,2043,600,-1,-1,-1,-1,-1,-1,-1,-1,0.143417,65,0.821192,103,1262,1058871,81418,1734,108
all,2044,600,-1,-1,-1,-1,-1,-1,-1,-1,0.146132,65,0.858824,114,1103,1061035,81437,1713,99
all,2045,600,-1,-1,-1,-1,-1,-1,-1,-1,0.143124,65,0.887574,96,1385,1061613,81428,1698,93
all,2046,600,-1,-1,-1,-1,-1,-1,-1,-1,0.150188,65,0.870056,83,1374,1061536,81391,1718,99
all,2047,600,-1,-1,-1,-1,-1,-1,-1,-1,0.15562,65,0.823529,85,1016,1063277,81382,1733,88
all,2048,600,-1,-1,-1,-1,-1,-1,-1,-1,0.173474,65,0.784141,103,1345,1060287,81441,1772,103
all,2049,600,-1,-1,-1,-1,-1,-1,-1,-1,0.147031,65,0.875,88,1216,1063575,81373,1761,96
all,2050,600,-1,-1,-1,-1,-1,-1,-1,-1,0.153442,65,0.805714,88,1177,1063337,81376,1707,92
policy_original,2001,103,3,3,-1,3,70,2,2,-1,0.996016,62,0.968594,12996,224,12699,14723,294,23
policy_original,2002,102,2,-1,-1,2,70,2,2,-1,0.994323,62,0.965942,12803,190,12348,14614,300,16
policy_original,2003,103,3,3,-1,3,65,1,2,-1,0.996574,62,0.965901,12998,206,12536,14644,311,20
policy_original,2004,102,2,-1,-1,2,70,2,2,-1,0.99608,62,0.964722,12856,212,12428,14575,304,19
policy_original,2005,103,3,3,-1,3,65,2,2,-1,0.995612,62,0.958545,12890,204,12540,14682,295,11
policy_original,2006,103,3,3,-1,3,65,2,3,-1,0.996605,62,0.968641,12994,171,12688,14669,304,10
policy_original,2007,103,3,3,-1,3,65,2,2,-1,0.995722,62,0.963734,12990,214,12664,14688,314,19
policy_original,2008,103,3,3,-1,3,65,2,2,-1,0.997664,62,0.96547,12946,159,12607,14715,300,17
policy_original,2009,103,3,-1,-1,3,70,2,3,-1,0.997997,62,0.95784,12905,208,12724,14717,291,18
policy_original,2010,103,3,3,-1,3,65,2,2,-1,0.996142,62,0.955496,12948,157,12510,14721,305,14
policy_original,2011,103,3,3,-1,3,65,2,2,-1,0.996891,62,0.972915,12981,184,12642,14704,299,16
policy_original,2012,103,3,3,-1,3,65,2,2,-1,0.996136,62,0.967338,12809,199,12453,14647,296,14
policy_original,2013,103,3,3,-1,3,65,2,2,-1,0.995404,62,0.953521,13002,226,12701,14668,314,21
policy_original,2014,102,2,-1,-1,2,70,2,3,-1,0.997674,62,0.951857,12886,207,12539,14541,319,18
policy_original,2015,102,2,-1,-1,2,70,2,2,-1,0.993559,62,0.959803,12777,181,12345,14595,291,14
policy_original,2016,103,3,3,-1,3,65,2,2,7,0.995,62,0.962277,12963,192,12651,14674,280,14
policy_original,2017,103,3,3,-1,3,65,2,2,13,0.99412,62,0.967907,12874,206,12569,14715,304,20
policy_original,2018,103,3,3,-1,3,65,2,2,-1,0.993767,62,0.954416,12923,271,12702,14736,312,24
policy_original,2019,102,2,-1,-1,2,70,2,3,-1,0.995605,62,0.964602,12849,214,12489,14642,301,21
policy_original,2020,103,3,3,-1,3,65,2,3,6,0.993745,62,0.958506,12966,204,12600,14736,277,14
policy_original,2021,103,3,3,-1,3,70,2,3,-1,0.997311,62,0.966784,12975,197,12822,14661,291,11
policy_original,2022,102,2,-1,-1,2,70,2,2,-1,0.995055,62,0.96772,12809,220,12483,14537,285,21
policy_original,2023,103,3,3,-1,3,65,2,2,-1,0.996586,62,0.950987,12966,194,12716,14651,294,18
policy_original,2024,102,2,-1,-1,2,70,2,2,5,0.996491,62,0.956879,12823,188,12434,14492,279,11
policy_original,2025,103,3,-1,-1,3,70,2,2,-1,0.996904,62,0.96356,12929,208,12780,14747,306,22
policy_original,2026,103,3,3,-1,3,65,2,2,18,0.996565,62,0.967742,12911,186,12657,14725,297,17
policy_original,2027,103,3,3,-1,3,65,2,2,-1,0.995234,62,0.964764,13001,217,12697,14770,298,23
policy_original,2028,103,3,3,-1,3,65,2,3,-1,0.99653,62,0.96727,12982,194,12695,14698,292,20
policy_original,2029,103,3,3,-1,3,65,2,3,-1,0.995946,62,0.962963,12897,192,12558,14742,295,16
policy_original,2030,103,3,-1,-1,3,70,2,2,-1,0.995392,62,0.963778,12974,234,12750,14642,294,23
policy_original,2031,103,3,3,-1,3,65,2,2,-1,0.996548,62,0.975887,12965,178,12617,14687,287,19
policy_original,2032,103,3,3,-1,3,65,2,2,-1,0.994499,62,0.966545,12886,210,12538,14684,331,18
policy_original,2033,103,3,3,-1,3,65,2,3,-1,0.997231,62,0.958391,12854,204,12560,14685,305,11
policy_original,2034,103,3,3,-1,3,65,2,2,-1,0.997673,62,0.961066,12985,224,12736,14722,299,14
policy_original,2035,103,3,3,-1,3,65,2,2,-1,0.996929,62,0.963723,12923,241,12676,14648,326,21
policy_original,2036,103,3,-1,-1,3,70,2,2,-1,0.99693,62,0.96329,12979,232,12763,14730,270,18
policy_original,2037,103,3,-1,-1,3,65,2,3,-1,0.995074,62,0.962457,12900,215,12772,14707,307,17
policy_original,2038,103,3,3,-1,3,65,2,2,-1,0.995365,62,0.960867,12931,183,12547,14638,298,17
policy_original,2039,103,3,3,-1,3,65,2,3,-1,0.99606,62,0.961752,12917,187,12645,14754,274,15
policy_original,2040,103,3,3,-1,3,65,2,2,-1,0.997628,62,0.959282,12954,175,12630,14695,297,13
policy_original,2041,103,3,3,-1,3,65,2,3,-1,0.997636,62,0.969803,12941,206,12544,14748,285,17
policy_original,2042,102,2,-1,-1,2,70,2,2,63,0.99415,62,0.951739,12860,172,12495,14556,285,15
policy_original,2043,103,3,3,-1,3,65,2,2,11,0.9969,62,0.966533,13018,248,12755,14689,292,19
policy_original,2044,103,3,3,-1,3,65,2,3,-1,0.998445,62,0.963415,13008,228,12791,14751,305,19
policy_original,2045,103,3,3,-1,3,70,2,2,-1,0.99804,62,0.967765,12896,203,12677,14716,307,19
policy_original,2046,103,3,-1,-1,3,70,2,2,-1,0.997012,62,0.966887,13063,199,12865,14673,300,22
policy_original,2047,102,2,-1,-1,2,70,2,3,-1,0.996512,62,0.966831,12808,190,12486,14584,304,14
policy_original,2048,103,3,3,-1,3,70,2,2,-1,0.996596,62,0.97238,13050,212,12818,14643,320,21
policy_original,2049,102,2,-1,-1,2,70,2,2,31,0.995342,62,0.964385,12899,224,12490,14557,322,21
policy_original,2050,103,3,3,-1,3,65,2,2,58,0.997355,62,0.964413,13005,183,12623,14635,292,12
policy_revised,2001,152,52,-1,-1,52,70,13,16,-1,0.766755,67,0.112299,15656,361,74292,21429,472,32
policy_revised,2002,151,51,-1,-1,51,70,-1,-1,-1,0.854185,62,0.218199,15777,348,72578,21306,460,26
policy_revised,2003,152,52,-1,-1,52,70,-1,-1,-1,0.903457,65,0.139194,15903,327,76368,21347,431,30
policy_revised,2004,151,51,-1,-1,51,70,84,-1,-1,0.906859,62,0.582989,16093,337,67874,21244,443,34
policy_revised,2005,152,52,-1,-1,52,70,10,14,-1,0.926678,65,0.184062,16342,292,65489,21410,438,27
policy_revised,2006,151,51,-1,-1,51,70,-1,-1,-1,0.831752,65,0.121469,15754,366,73863,21292,431,27
policy_revised,2007,151,51,-1,-1,51,70,9,-1,-1,0.883169,65,0.121578,15865,291,68350,21327,438,19
policy_revised,2008,151,51,-1,-1,51,70,70,-1,-1,0.852486,62,0.220721,15967,344,66963,21270,449,24
policy_revised,2009,153,53,-1,-1,53,70,72,-1,-1,0.867941,65,0.109204,15980,360,78256,21600,448,33
policy_revised,2010,152,52,-1,-1,52,70,-1,-1,-1,0.788251,67,0.0713686,15595,383,78961,21456,431,33
policy_revised,2011,152,52,-1,-1,52,70,-1,-1,-1,0.819098,65,0.172638,15802,312,75414,21494,426,27
policy_revised,2012,151,51,-1,-1,51,70,-1,-1,-1,0.838567,66,0.0984665,15618,409,75305,21318,454,34
policy_revised,2013,155,55,-1,-1,55,70,7,-1,-1,0.758952,65,0.174201,15900,400,80359,21779,479,30
policy_revised,2014,152,52,-1,-1,52,70,-1,-1,-1,0.779373,66,0.117536,15726,336,76509,21419,427,30
policy_revised,2015,152,52,-1,-1,52,70,-1,-1,-1,0.819581,66,0.0964987,15739,321,77689,21398,435,19
policy_revised,2016,151,51,-1,-1,51,70,-1,-1,-1,0.846491,65,0.116427,15534,340,79879,21309,449,26
policy_revised,2017,153,53,-1,-1,53,70,-1,-1,-1,0.825445,66,0.107401,15849,344,77954,21506,451,24
policy_revised,2018,153,53,-1,-1,53,70,71,74,-1,0.946552,62,0.184156,16387,368,69395,21541,455,32
policy_revised,2019,151,51,-1,-1,51,70,73,-1,-1,0.938222,62,0.474576,16151,332,67710,21344,396,23
policy_revised,2020,152,52,-1,-1,52,70,11,-1,-1,0.787197,66,0.1099,15954,339,69038,21429,441,28
policy_revised,2021,151,51,-1,-1,51,70,-1,-1,-1,0.788376,66,0.0989474,15701,353,70013,21333,440,31
policy_revised,2022,151,51,-1,-1,51,70,-1,-1,-1,0.932521,62,0.417219,16055,354,71219,21320,422,28
policy_revised,2023,159,59,-1,-1,59,70,-1,-1,-1,0.784852,67,0.0876565,16436,304,79258,22333,452,23
policy_revised,2024,152,52,-1,-1,52,70,97,-1,-1,0.979046,62,0.527216,16185,344,72594,21492,433,28
policy_revised,2025,151,51,-1,-1,51,70,9,-1,-1,0.771502,66,0.110612,15544,344,75076,21306,429,28
policy_revised,2026,151,51,-1,-1,51,70,17,-1,-1,0.805714,67,0.0822397,15755,350,72612,21341,436,28
policy_revised,2027,152,52,-1,-1,52,70,-1,-1,-1,0.774648,65,0.144619,15588,389,79114,21486,431,29
policy_revised,2028,151,51,-1,-1,51,70,74,-1,-1,0.983014,62,0.765127,16334,303,63593,21332,406,18
policy_revised,2029,153,53,-1,-1,53,70,90,-1,-1,0.861259,62,0.367261,15953,361,73291,21554,453,24
policy_revised,2030,151,51,-1,-1,51,70,-1,-1,-1,0.772337,66,0.12261,15624,320,74284,21293,405,25
policy_revised,2031,151,51,-1,-1,51,70,78,-1,-1,0.737813,66,0.120231,15638,410,70818,21324,467,39
policy_revised,2032,152,52,-1,-1,52,70,73,-1,-1,0.970575,62,0.457298,16294,268,69507,21486,430,24
policy_revised,2033,151,51,-1,-1,51,70,52,-1,-1,0.748762,66,0.111483,15637,276,68100,21342,443,19
policy_revised,2034,152,52,-1,-1,52,70,-1,-1,-1,0.870118,65,0.12065,15794,362,77979,21436,458,26
policy_revised,2035,152,52,-1,-1,52,70,27,-1,-1,0.836551,62,0.212565,15943,349,67876,21403,442,28
policy_revised,2036,152,52,-1,-1,52,70,-1,-1,-1,0.814034,66,0.104569,15676,349,78787,21395,460,24
policy_revised,2037,152,52,-1,-1,52,70,-1,-1,-1,0.783735,67,0.0903166,15666,362,73413,21511,447,30
policy_revised,2038,153,53,-1,-1,53,70,82,-1,-1,0.883192,62,0.653552,16010,324,71354,21629,428,23
policy_revised,2039,152,52,-1,-1,52,70,75,-1,-1,0.893953,62,0.208524,16151,347,72403,21483,443,32
policy_revised,2040,151,51,-1,-1,51,70,15,-1,-1,0.760545,67,0.100768,15635,299,73586,21346,430,13
policy_revised,2041,152,52,-1,-1,52,70,-1,-1,-1,0.825172,66,0.104274,15908,295,72532,21441,445,22
policy_revised,2042,152,52,-1,-1,52,70,-1,-1,-1,0.879097,66,0.124905,15867,346,77220,21476,432,23
policy_revised,2043,151,51,-1,-1,51,70,30,-1,-1,0.868815,66,0.107747,15797,304,70536,21327,462,26
policy_revised,2044,151,51,-1,-1,51,70,26,-1,-1,0.965699,62,0.412141,16247,311,70553,21248,453,29
policy_revised,2045,151,51,-1,-1,51,70,-1,-1,-1,0.746702,66,0.128009,15422,342,75396,21328,443,28
policy_revised,2046,157,57,-1,-1,57,70,83,-1,-1,0.847615,62,0.606992,16541,295,72425,22021,455,22
policy_revised,2047,153,53,-1,-1,53,70,49,54,-1,0.756065,66,0.0934292,15953,342,67900,21601,436,24
policy_revised,2048,152,52,-1,-1,52,70,-1,-1,-1,0.79637,66,0.096171,15708,328,76484,21466,438,27
policy_revised,2049,151,51,-1,-1,51,70,11,-1,-1,0.846394,62,0.417497,15854,316,69268,21343,418,25
policy_revised,2050,152,52,-1,-1,52,70,81,86,-1,0.973986,62,0.775042,16332,306,63809,21422,430,23
policy_revised_fixed100,2001,200,52,60,-1,100,65,-1,-1,-1,0.930876,65,0.118508,21174,448,81974,27874,588,41
policy_revised_fixed100,2002,200,51,-1,-1,100,65,-1,-1,-1,0.869112,65,0.179745,20807,453,90398,27839,603,36
policy_revised_fixed100,2003,200,52,67,-1,100,65,74,87,-1,0.953617,62,0.549242,21293,400,79390,27898,573,34
policy_revised_fixed100,2004,200,51,72,-1,100,65,38,-1,-1,0.897311,62,0.324624,21202,413,78138,27847,599,36
policy_revised_fixed100,2005,200,52,68,-1,100,65,93,-1,-1,0.919355,62,0.554196,21308,369,81196,27842,594,28
policy_revised_fixed100,2006,200,51,-1,-1,100,65,-1,-1,-1,0.79418,67,0.0996979,20687,470,86836,27905,595,35
policy_revised_fixed100,2007,200,51,57,-1,100,65,24,-1,-1,0.890821,66,0.0877458,21177,390,79083,27809,623,26
policy_revised_fixed100,2008,200,51,-1,-1,100,65,-1,-1,-1,0.866194,65,0.168116,21015,455,83285,27870,596,37
policy_revised_fixed100,2009,200,53,-1,-1,100,65,82,-1,-1,0.766139,66,0.140436,20659,475,88006,27882,594,44
policy_revised_fixed100,2010,200,52,100,-1,100,65,-1,-1,-1,0.826874,64,0.18219,20687,459,91502,27893,589,42
policy_revised_fixed100,2011,200,52,-1,-1,100,65,-1,-1,-1,0.800656,66,0.103131,20727,438,86224,27875,547,32
policy_revised_fixed100,2012,200,51,58,-1,100,65,97,-1,-1,0.940042,62,0.411479,21162,435,81557,27885,576,38
policy_revised_fixed100,2013,200,55,61,-1,100,65,-1,-1,-1,0.840421,66,0.0920792,20817,470,88216,27871,586,35
policy_revised_fixed100,2014,200,52,99,-1,100,65,33,41,-1,0.845997,66,0.0815851,21147,437,78495,27797,595,29
policy_revised_fixed100,2015,200,52,-1,-1,100,67,88,-1,-1,0.919899,62,0.476636,21001,435,85649,27887,599,34
policy_revised_fixed100,2016,200,51,-1,-1,100,65,-1,-1,-1,0.826688,67,0.0909091,20775,509,88409,27824,575,37
policy_revised_fixed100,2017,200,53,64,-1,100,65,-1,-1,-1,0.8148,66,0.100925,20706,418,88624,27811,600,32
policy_revised_fixed100,2018,200,53,-1,-1,100,65,-1,-1,-1,0.837617,66,0.112392,20737,475,88769,27795,603,35
policy_revised_fixed100,2019,200,51,-1,-1,100,65,-1,-1,-1,0.889487,62,0.238983,20854,394,87701,27879,569,29
policy_revised_fixed100,2020,200,52,55,-1,100,65,64,-1,-1,0.816,67,0.094804,20939,433,84521,27832,567,35
policy_revised_fixed100,2021,200,51,69,-1,100,65,-1,-1,-1,0.812787,66,0.166509,20805,423,87827,27893,588,43
policy_revised_fixed100,2022,200,51,64,-1,100,67,-1,-1,-1,0.80182,67,0.0946429,20477,446,93224,27861,614,37
policy_revised_fixed100,2023,200,59,78,-1,100,65,-1,-1,-1,0.765707,66,0.157248,20769,447,84876,27871,598,37
policy_revised_fixed100,2024,200,52,-1,-1,100,65,33,-1,-1,0.817767,66,0.136364,20758,503,89055,27912,611,47
policy_revised_fixed100,2025,200,51,56,-1,100,65,-1,-1,-1,0.799522,65,0.155873,20641,449,88465,27819,611,31
policy_revised_fixed100,2026,200,51,56,-1,100,65,-1,-1,-1,0.804115,66,0.0959164,20714,460,92102,27909,587,34
policy_revised_fixed100,2027,200,52,-1,-1,100,65,50,-1,-1,0.810366,67,0.0754386,20799,498,88459,27893,566,35
policy_revised_fixed100,2028,200,51,-1,-1,100,65,69,-1,-1,0.853474,62,0.462377,21078,402,77190,27951,572,28
policy_revised_fixed100,2029,200,53,86,-1,100,65,-1,-1,-1,0.893902,62,0.335294,20962,410,85805,27810,588,28
policy_revised_fixed100,2030,200,51,61,-1,100,65,-1,-1,-1,0.80476,67,0.0700809,20723,454,89226,27817,608,36
policy_revised_fixed100,2031,200,51,72,-1,100,65,27,-1,-1,0.810788,65,0.132701,21237,398,68834,27862,575,40
policy_revised_fixed100,2032,200,52,54,-1,100,65,27,-1,-1,0.860068,65,0.122278,21157,404,76935,27944,583,32
policy_revised_fixed100,2033,200,51,72,-1,100,65,75,-1,-1,0.906639,64,0.183879,21304,332,74099,27889,529,25
policy_revised_fixed100,2034,200,52,-1,-1,100,65,-1,-1,-1,0.863918,67,0.086164,20877,489,87558,27861,608,34
policy_revised_fixed100,2035,200,52,61,-1,100,65,-1,-1,-1,0.89427,66,0.090268,21102,382,87675,27821,543,32
policy_revised_fixed100,2036,200,52,73,-1,100,65,-1,-1,-1,0.813983,66,0.0893345,20499,404,94867,27834,614,26
policy_revised_fixed100,2037,200,52,-1,-1,100,65,90,-1,-1,0.971125,62,0.715157,21196,463,80207,27885,578,40
policy_revised_fixed100,2038,200,53,62,-1,100,65,-1,-1,-1,0.862592,66,0.0931142,20632,447,94475,27880,590,34
policy_revised_fixed100,2039,200,52,-1,-1,100,65,22,-1,-1,0.82939,67,0.106161,20868,460,87555,27902,590,44
policy_revised_fixed100,2040,200,51,63,-1,100,65,-1,-1,-1,0.765664,67,0.138761,20592,439,88425,27929,617,44
policy_revised_fixed100,2041,200,52,100,-1,100,65,-1,-1,-1,0.792258,66,0.0953413,20538,403,90456,27938,590,31
policy_revised_fixed100,2042,200,52,58,-1,100,65,16,-1,-1,0.836924,62,0.506188,21115,442,76462,27911,596,35
policy_revised_fixed100,2043,200,51,82,-1,100,65,30,-1,-1,0.859642,66,0.0982368,20698,451,90259,27873,620,34
policy_revised_fixed100,2044,200,51,-1,-1,100,65,24,26,-1,0.797442,67,0.076412,21074,410,80707,27835,584,33
policy_revised_fixed100,2045,200,51,70,-1,100,65,-1,-1,-1,0.81054,67,0.0878701,20515,454,94051,27920,596,36
policy_revised_fixed100,2046,200,57,-1,-1,100,65,-1,-1,-1,0.832709,66,0.11059,20683,428,91834,27856,639,37
policy_revised_fixed100,2047,200,53,76,-1,100,65,-1,-1,-1,0.909737,64,0.194712,20973,417,88697,27926,548,33
policy_revised_fixed100,2048,200,52,58,-1,100,65,-1,-1,-1,0.922521,62,0.318084,21171,440,86642,27804,572,36
policy_revised_fixed100,2049,200,51,55,-1,100,65,-1,-1,-1,0.818792,66,0.105076,20855,398,84421,27915,584,32
policy_revised_fixed100,2050,200,52,-1,-1,100,65,79,-1,-1,0.976275,62,0.722488,21449,409,76860,27747,607,29
