case,metric,n,attained,censored,mean_conditional,sd_conditional,min,q05,median,q95,max
base,first95,50,50,0,17.42,4.347600792743191,11.0,11.0,17.0,25.0,28.0
base,first99,50,50,0,17.94,4.166974138315206,12.0,12.0,17.0,25.0,28.0
base,first100,50,10,40,101.6,153.8803286828942,14.0,14.0,40.0,235.0,500.0
base,switch,50,0,50,,,,,,,
base,mode_at_switch,50,0,50,,,,,,,
base,post95,50,0,50,,,,,,,
base,post99,50,0,50,,,,,,,
base,post100,50,0,50,,,,,,,
base,final_share,50,50,0,0.99571422,0.0014529338129790888,0.992168,0.993308,0.9957855,0.998072,0.998566
base,final_mode10,50,50,0,65.0,0.0,65.0,65.0,65.0,65.0,65.0
base,switch10_elig_event_fraction,50,50,0,0.0,0.0,0.0,0.0,0.0,0.0,0.0
base,final10_elig_event_fraction,50,50,0,0.96349986,0.005811662514640848,0.950791,0.95302,0.963553,0.972081,0.975465
base,first_target_mode10,50,50,0,1.52,0.5046720495044484,1.0,1.0,2.0,2.0,2.0
base,ten_consecutive_target_mode10,50,50,0,10.52,0.5046720495044484,10.0,10.0,11.0,11.0,11.0
base,imitator_events,50,50,0,59823.0,203.2947995158855,59281.0,59494.0,59849.0,60075.0,60201.0
base,empty_decisions,50,50,0,2279.2,183.56025535757672,1938.0,1957.0,2293.0,2548.0,2656.0
base,decisions,50,50,0,78225.3,4462.219125099995,71593.0,72340.0,77231.5,85906.0,89868.0
base,births,50,50,0,81380.36,68.46472650577233,81228.0,81264.0,81384.5,81474.0,81530.0
base,truncated_birth_networks,50,50,0,1747.36,42.408970941612466,1653.0,1678.0,1739.5,1827.0,1838.0
base,empty_birth_networks,50,50,0,97.74,8.6586278782896,73.0,79.0,99.0,109.0,114.0
base,final10_imitator_fraction,50,50,0,0.8487410921867701,0.012612010419907112,0.8014059753954306,0.8275862068965517,0.8505462529542691,0.8677248677248677,0.8691910499139415
slow,first95,50,50,0,60.6,4.793703353017862,51.0,52.0,61.0,67.0,70.0
slow,first99,50,50,0,60.88,4.847216748205266,51.0,52.0,61.0,68.0,71.0
slow,first100,50,1,49,363.0,,363.0,363.0,363.0,363.0,363.0
slow,switch,50,0,50,,,,,,,
slow,mode_at_switch,50,0,50,,,,,,,
slow,post95,50,0,50,,,,,,,
slow,post99,50,0,50,,,,,,,
slow,post100,50,0,50,,,,,,,
slow,final_share,50,50,0,0.99514138,0.0014856982264241942,0.991388,0.99284,0.995273,0.997147,0.997604
slow,final_mode10,50,50,0,65.0,0.0,65.0,65.0,65.0,65.0,65.0
slow,switch10_elig_event_fraction,50,50,0,0.0,0.0,0.0,0.0,0.0,0.0,0.0
slow,final10_elig_event_fraction,50,50,0,0.96279118,0.006176332121667593,0.945008,0.952822,0.9633535,0.971606,0.977883
slow,first_target_mode10,50,50,0,1.9,0.6776309271789385,1.0,1.0,2.0,3.0,4.0
slow,ten_consecutive_target_mode10,50,50,0,10.9,0.6776309271789385,10.0,10.0,11.0,12.0,13.0
slow,imitator_events,50,50,0,60395.54,646.0519411101903,58987.0,59437.0,60339.5,61247.0,61938.0
slow,empty_decisions,50,50,0,2543.52,194.30254548943375,2141.0,2229.0,2535.5,2860.0,2980.0
slow,decisions,50,50,0,150398.9,12893.301121362305,121461.0,126815.0,151693.0,169579.0,174493.0
slow,births,50,50,0,81388.8,67.8518794951209,81242.0,81290.0,81385.5,81512.0,81582.0
slow,truncated_birth_networks,50,50,0,1745.36,43.708571055039876,1623.0,1688.0,1745.5,1801.0,1841.0
slow,empty_birth_networks,50,50,0,99.38,8.417401799915725,86.0,87.0,98.0,116.0,120.0
slow,final10_imitator_fraction,50,50,0,0.9000622956514382,0.00894852281208357,0.8837004405286344,0.8862478777589134,0.8991649471486503,0.914983164983165,0.9192100538599641
all,first95,50,0,50,,,,,,,
all,first99,50,0,50,,,,,,,
all,first100,50,0,50,,,,,,,
all,switch,50,0,50,,,,,,,
all,mode_at_switch,50,0,50,,,,,,,
all,post95,50,0,50,,,,,,,
all,post99,50,0,50,,,,,,,
all,post100,50,0,50,,,,,,,
all,final_share,50,50,0,0.1488914,0.006799830030888977,0.135252,0.13623,0.1481905,0.156788,0.173474
all,final_mode10,50,50,0,65.0,0.0,65.0,65.0,65.0,65.0,65.0
all,switch10_elig_event_fraction,50,50,0,0.0,0.0,0.0,0.0,0.0,0.0,0.0
all,final10_elig_event_fraction,50,50,0,0.8371457,0.030010401061761154,0.768786,0.784141,0.8337935000000001,0.878049,0.904459
all,first_target_mode10,50,50,0,1.76,0.43141911058689997,1.0,1.0,2.0,2.0,2.0
all,ten_consecutive_target_mode10,50,50,0,10.76,0.43141911058689997,10.0,10.0,11.0,11.0,11.0
all,imitator_events,50,50,0,88.46,15.586768328899211,64.0,68.0,85.0,118.0,124.0
all,empty_decisions,50,50,0,1198.42,149.98205198745399,897.0,913.0,1216.5,1392.0,1536.0
all,decisions,50,50,0,1062392.64,2848.6934402870897,1055446.0,1057353.0,1062533.0,1066708.0,1067029.0
all,births,50,50,0,81380.36,68.46472650577233,81228.0,81264.0,81384.5,81474.0,81530.0
all,truncated_birth_networks,50,50,0,1747.36,42.408970941612466,1653.0,1678.0,1739.5,1827.0,1838.0
all,empty_birth_networks,50,50,0,97.74,8.6586278782896,73.0,79.0,99.0,109.0,114.0
all,final10_imitator_fraction,50,50,0,0.008016127526814344,0.007829989346588098,0.0,0.0,0.005618154846447622,0.022099447513812154,0.026455026455026454
policy_original,first95,50,50,0,2.8,0.4040610178208843,2.0,2.0,3.0,3.0,3.0
policy_original,first99,50,34,16,3.0,0.0,3.0,3.0,3.0,3.0,3.0
policy_original,first100,50,0,50,,,,,,,
policy_original,switch,50,50,0,2.8,0.4040610178208843,2.0,2.0,3.0,3.0,3.0
policy_original,mode_at_switch,50,50,0,66.9,2.4515717573900733,65.0,65.0,65.0,70.0,70.0
policy_original,post95,50,50,0,1.98,0.1414213562373095,1.0,2.0,2.0,2.0,2.0
policy_original,post99,50,50,0,2.28,0.4535573676110727,2.0,2.0,2.0,3.0,3.0
policy_original,post100,50,9,41,23.555555555555557,22.428280758403613,5.0,5.0,13.0,58.0,63.0
policy_original,final_share,50,50,0,0.9961715,0.0012187405216795247,0.993559,0.993767,0.9965014999999999,0.997674,0.998445
policy_original,final_mode10,50,50,0,62.0,0.0,62.0,62.0,62.0,62.0,62.0
policy_original,switch10_elig_event_fraction,50,50,0,0.09246702721115879,0.014934815282350217,0.06269993602047345,0.0657160570365778,0.09856156170953648,0.10884353741496598,0.11040092969203952
policy_original,final10_elig_event_fraction,50,50,0,0.9633577,0.005470342560067855,0.950987,0.951857,0.9640815,0.969803,0.975887
policy_original,first_target_mode10,50,50,0,3.4,0.4948716593053935,3.0,3.0,3.0,4.0,4.0
policy_original,ten_consecutive_target_mode10,50,50,0,12.4,0.4948716593053935,12.0,12.0,12.0,13.0,13.0
policy_original,imitator_events,50,50,0,12929.3,68.67975075133359,12777.0,12808.0,12936.0,13008.0,13063.0
policy_original,empty_decisions,50,50,0,203.46,22.228139915018364,157.0,171.0,204.0,234.0,271.0
policy_original,decisions,50,50,0,12621.1,123.7583639721422,12345.0,12428.0,12636.0,12791.0,12865.0
policy_original,births,50,50,0,14671.46,64.1545360032782,14492.0,14541.0,14684.5,14748.0,14770.0
policy_original,truncated_birth_networks,50,50,0,298.96,12.925153455055561,270.0,277.0,298.5,320.0,331.0
policy_original,empty_birth_networks,50,50,0,17.34,3.673456916078602,10.0,11.0,18.0,23.0,24.0
policy_original,final10_imitator_fraction,50,50,0,0.9012460660833794,0.0074038805833436475,0.8838757396449705,0.8897208985704561,0.9015295348431718,0.9101671309192201,0.9218543046357616
policy_revised,first95,50,50,0,52.0,1.498298354528788,51.0,51.0,52.0,53.0,59.0
policy_revised,first99,50,0,50,,,,,,,
policy_revised,first100,50,0,50,,,,,,,
policy_revised,switch,50,50,0,52.0,1.498298354528788,51.0,51.0,52.0,53.0,59.0
policy_revised,mode_at_switch,50,50,0,70.0,0.0,70.0,70.0,70.0,70.0,70.0
policy_revised,post95,50,28,22,49.607142857142854,31.884443304968098,7.0,9.0,61.0,84.0,97.0
policy_revised,post99,50,5,45,48.8,32.91200388915874,14.0,14.0,54.0,74.0,86.0
policy_revised,post100,50,0,50,,,,,,,
policy_revised,final_share,50,50,0,0.84398946,0.06946439726416603,0.737813,0.748762,0.8375589999999999,0.970575,0.983014
policy_revised,final_mode10,50,50,0,64.56,1.9394928855402447,62.0,62.0,65.0,67.0,67.0
policy_revised,switch10_elig_event_fraction,50,50,0,0.09894139210400137,0.008858488070936475,0.07584501236603462,0.08264462809917356,0.09978608655540554,0.11162790697674418,0.1147919876733436
policy_revised,final10_elig_event_fraction,50,50,0,0.226051104,0.19214365276660866,0.0713686,0.0876565,0.12209400000000001,0.606992,0.775042
policy_revised,first_target_mode10,50,40,10,36.175,22.60574864486624,10.0,10.0,30.5,73.0,91.0
policy_revised,ten_consecutive_target_mode10,50,35,15,54.34285714285714,27.010828827519894,19.0,19.0,44.0,91.0,100.0
policy_revised,imitator_events,50,50,0,15896.8,267.990709555692,15422.0,15544.0,15859.5,16342.0,16541.0
policy_revised,empty_decisions,50,50,0,337.26,31.990948975085605,268.0,291.0,342.0,389.0,410.0
policy_revised,decisions,50,50,0,72864.92,4357.400403816899,63593.0,65489.0,72603.0,79114.0,80359.0
policy_revised,births,50,50,0,21440.72,189.0345006843449,21244.0,21270.0,21406.5,21629.0,22333.0
policy_revised,truncated_birth_networks,50,50,0,440.42,16.303361366194846,396.0,406.0,440.5,462.0,479.0
policy_revised,empty_birth_networks,50,50,0,26.54,4.760423579164067,13.0,19.0,27.0,33.0,39.0
policy_revised,final10_imitator_fraction,50,50,0,0.8875703043427838,0.018682409913218023,0.8413566739606126,0.8515185601799775,0.88750431490299,0.9125636672325976,0.9208523592085236
policy_revised_fixed100,first95,50,50,0,52.0,1.498298354528788,51.0,51.0,52.0,53.0,59.0
policy_revised_fixed100,first99,50,32,18,68.34375,13.09422274725914,54.0,55.0,64.0,99.0,100.0
policy_revised_fixed100,first100,50,0,50,,,,,,,
policy_revised_fixed100,switch,50,50,0,100.0,0.0,100.0,100.0,100.0,100.0,100.0
policy_revised_fixed100,mode_at_switch,50,50,0,65.08,0.39589732744431483,65.0,65.0,65.0,65.0,67.0
policy_revised_fixed100,post95,50,21,29,54.04761904761905,28.153998278177454,16.0,22.0,50.0,93.0,97.0
policy_revised_fixed100,post99,50,3,47,51.333333333333336,31.785741037976972,26.0,26.0,41.0,41.0,87.0
policy_revised_fixed100,post100,50,0,50,,,,,,,
policy_revised_fixed100,final_share,50,50,0,0.85091166,0.05423642634124963,0.765664,0.766139,0.8372705,0.940042,0.976275
policy_revised_fixed100,final_mode10,50,50,0,65.02,1.878883732867112,62.0,62.0,66.0,67.0,67.0
policy_revised_fixed100,switch10_elig_event_fraction,50,50,0,0.5158777506433956,0.19569513298750785,0.200796812749004,0.22263868065967016,0.48329837464677683,0.7853658536585366,0.864808362369338
policy_revised_fixed100,final10_elig_event_fraction,50,50,0,0.200599676,0.1708654451036666,0.0700809,0.076412,0.120393,0.549242,0.722488
policy_revised_fixed100,first_target_mode10,50,40,10,41.975,21.7850660445201,10.0,11.0,40.5,73.0,92.0
policy_revised_fixed100,ten_consecutive_target_mode10,50,30,20,54.36666666666667,22.737608725956928,19.0,20.0,51.0,82.0,100.0
policy_revised_fixed100,imitator_events,50,50,0,20902.7,248.44654087644165,20477.0,20515.0,20854.5,21293.0,21449.0
policy_revised_fixed100,empty_decisions,50,50,0,434.76,35.143763054525806,332.0,382.0,438.5,489.0,509.0
policy_revised_fixed100,decisions,50,50,0,85504.42,5745.922355719679,68834.0,76462.0,87556.5,93224.0,94867.0
policy_revised_fixed100,births,50,50,0,27867.66,44.35966636484093,27747.0,27797.0,27873.5,27929.0,27951.0
policy_revised_fixed100,truncated_birth_networks,50,50,0,589.54,21.14499023988656,529.0,547.0,590.0,617.0,639.0
policy_revised_fixed100,empty_birth_networks,50,50,0,34.76,5.000244891961977,25.0,26.0,35.0,44.0,47.0
policy_revised_fixed100,final10_imitator_fraction,50,50,0,0.8914439981653031,0.017649268195876623,0.8440366972477065,0.8595641646489104,0.8931207240209018,0.9134615384615384,0.9239209948792977
