case,metric,n,attained,censored,conditional_mean,conditional_sample_sd,conditional_median,conditional_min,conditional_max
spread-source_0,switch,50,0,50,,,,,
spread-source_0,first95,50,50,0,16.6,3.763411392091283,16.0,10.0,28.0
spread-source_0,first99,50,50,0,17.04,3.795593578380712,16.5,10.0,28.0
spread-source_0,first100,50,3,47,155.33333333333334,219.80976623738385,36.0,21.0,409.0
spread-source_0,sustained65,50,50,0,10.54,0.542481072744215,11.0,10.0,12.0
spread-source_0,sustained62_post,50,0,50,,,,,
spread-source_0,proxy_new,50,0,50,,,,,
spread-source_0,group_a,50,50,0,16.6,3.763411392091283,16.0,10.0,28.0
spread-source_0,group_b,50,50,0,16.6,3.763411392091283,16.0,10.0,28.0
spread-source_0,final_share,50,50,0,0.9952548990277233,0.0016828246662775694,0.9956916938442163,0.9893668438859352,0.9976979742173112
spread-source_0,final_mode,50,50,0,65.0,0.0,65.0,65.0,65.0
spread-source_0,imitator_events,50,50,0,59850.02,189.64246596677438,59860.5,59227.0,60259.0
spread-source_0,dips95,50,50,0,0.0,0.0,0.0,0.0,0.0
spread-source_0,dips99,50,50,0,2.5,1.5551100755055172,2.0,1.0,9.0
spread-source_0,dips100,50,50,0,26.68,115.54898952215825,0.0,0.0,579.0
spread-source_0,previous_tick_mode_at_switch,50,0,50,,,,,
spread-source_0.05,switch,50,0,50,,,,,
spread-source_0.05,first95,50,50,0,43.18,12.869343417595164,48.0,17.0,65.0
spread-source_0.05,first99,50,50,0,43.6,12.852380070219981,48.5,19.0,65.0
spread-source_0.05,first100,50,2,48,215.0,274.35743110038044,215.0,21.0,409.0
spread-source_0.05,sustained65,50,50,0,10.62,0.5303060340934453,11.0,10.0,12.0
spread-source_0.05,sustained62_post,50,0,50,,,,,
spread-source_0.05,proxy_new,50,0,50,,,,,
spread-source_0.05,group_a,50,50,0,43.18,12.869343417595164,48.0,17.0,65.0
spread-source_0.05,group_b,50,50,0,43.18,12.869343417595164,48.0,17.0,65.0
spread-source_0.05,final_share,50,50,0,0.9951495995378037,0.0016995397704205218,0.9956004068440982,0.9893668438859352,0.9976979742173112
spread-source_0.05,final_mode,50,50,0,65.0,0.0,65.0,65.0,65.0
spread-source_0.05,imitator_events,50,50,0,58439.0,786.0947650199922,58608.5,56397.0,59761.0
spread-source_0.05,dips95,50,50,0,0.0,0.0,0.0,0.0,0.0
spread-source_0.05,dips99,50,50,0,3.12,2.2824977367715715,3.0,0.0,10.0
spread-source_0.05,dips100,50,50,0,15.4,85.69809370870581,0.0,0.0,579.0
spread-source_0.05,previous_tick_mode_at_switch,50,0,50,,,,,
spread-source_0.1,switch,50,0,50,,,,,
spread-source_0.1,first95,50,50,0,36.36,12.632578549778605,35.0,15.0,61.0
spread-source_0.1,first99,50,50,0,36.86,12.478569384250385,35.5,17.0,61.0
spread-source_0.1,first100,50,2,48,215.0,274.35743110038044,215.0,21.0,409.0
spread-source_0.1,sustained65,50,50,0,10.62,0.5303060340934453,11.0,10.0,12.0
spread-source_0.1,sustained62_post,50,0,50,,,,,
spread-source_0.1,proxy_new,50,0,50,,,,,
spread-source_0.1,group_a,50,50,0,36.36,12.632578549778605,35.0,15.0,61.0
spread-source_0.1,group_b,50,50,0,36.36,12.632578549778605,35.0,15.0,61.0
spread-source_0.1,final_share,50,50,0,0.9951495995378037,0.0016995397704205218,0.9956004068440982,0.9893668438859352,0.9976979742173112
spread-source_0.1,final_mode,50,50,0,65.0,0.0,65.0,65.0,65.0
spread-source_0.1,imitator_events,50,50,0,58854.38,629.0099733156957,58963.0,57264.0,59879.0
spread-source_0.1,dips95,50,50,0,0.0,0.0,0.0,0.0,0.0
spread-source_0.1,dips99,50,50,0,3.48,2.3925053046238083,3.0,0.0,10.0
spread-source_0.1,dips100,50,50,0,15.4,85.69809370870581,0.0,0.0,579.0
spread-source_0.1,previous_tick_mode_at_switch,50,0,50,,,,,
spread-source_0.2,switch,50,0,50,,,,,
spread-source_0.2,first95,50,50,0,17.34,4.368766696560894,16.0,10.0,32.0
spread-source_0.2,first99,50,50,0,18.2,4.328359259298034,17.0,11.0,33.0
spread-source_0.2,first100,50,4,46,121.75,191.630503834854,28.5,21.0,409.0
spread-source_0.2,sustained65,50,50,0,10.54,0.5034574339058885,11.0,10.0,11.0
spread-source_0.2,sustained62_post,50,0,50,,,,,
spread-source_0.2,proxy_new,50,0,50,,,,,
spread-source_0.2,group_a,50,50,0,17.34,4.368766696560894,16.0,10.0,32.0
spread-source_0.2,group_b,50,50,0,17.34,4.368766696560894,16.0,10.0,32.0
spread-source_0.2,final_share,50,50,0,0.9951214824867765,0.0016849172536649156,0.9956004068440982,0.9893668438859352,0.9975868725868726
spread-source_0.2,final_mode,50,50,0,65.0,0.0,65.0,65.0,65.0
spread-source_0.2,imitator_events,50,50,0,59728.96,227.18166425006348,59763.5,59057.0,60139.0
spread-source_0.2,dips95,50,50,0,0.0,0.0,0.0,0.0,0.0
spread-source_0.2,dips99,50,50,0,4.16,2.435787598393956,4.0,1.0,10.0
spread-source_0.2,dips100,50,50,0,38.26,139.3767189882097,0.0,0.0,579.0
spread-source_0.2,previous_tick_mode_at_switch,50,0,50,,,,,
spread-source_0.3,switch,50,0,50,,,,,
spread-source_0.3,first95,50,50,0,10.08,1.8934904600892446,9.5,8.0,15.0
spread-source_0.3,first99,50,50,0,11.4,2.0101781827814698,11.0,9.0,17.0
spread-source_0.3,first100,50,4,46,121.75,191.630503834854,28.5,21.0,409.0
spread-source_0.3,sustained65,50,50,0,10.48,0.5436085025840128,10.0,10.0,12.0
spread-source_0.3,sustained62_post,50,0,50,,,,,
spread-source_0.3,proxy_new,50,0,50,,,,,
spread-source_0.3,group_a,50,50,0,10.08,1.8934904600892446,9.5,8.0,15.0
spread-source_0.3,group_b,50,50,0,10.08,1.8934904600892446,9.5,8.0,15.0
spread-source_0.3,final_share,50,50,0,0.9950836777231524,0.0016894302133466806,0.9956004068440982,0.9893668438859352,0.9975868725868726
spread-source_0.3,final_mode,50,50,0,65.0,0.0,65.0,65.0,65.0
spread-source_0.3,imitator_events,50,50,0,60086.62,130.4704032432221,60089.0,59761.0,60397.0
spread-source_0.3,dips95,50,50,0,0.0,0.0,0.0,0.0,0.0
spread-source_0.3,dips99,50,50,0,5.76,3.0409450732914447,6.0,1.0,15.0
spread-source_0.3,dips100,50,50,0,38.26,139.3767189882097,0.0,0.0,579.0
spread-source_0.3,previous_tick_mode_at_switch,50,0,50,,,,,
spread-source_0.4,switch,50,0,50,,,,,
spread-source_0.4,first95,50,50,0,7.96,0.9680613912055667,8.0,7.0,11.0
spread-source_0.4,first99,50,50,0,10.06,1.0768434597167287,10.0,8.0,14.0
spread-source_0.4,first100,50,4,46,121.75,191.630503834854,28.5,21.0,409.0
spread-source_0.4,sustained65,50,50,0,10.28,0.4535573676110727,10.0,10.0,11.0
spread-source_0.4,sustained62_post,50,0,50,,,,,
spread-source_0.4,proxy_new,50,0,50,,,,,
spread-source_0.4,group_a,50,50,0,7.96,0.9680613912055667,8.0,7.0,11.0
spread-source_0.4,group_b,50,50,0,7.96,0.9680613912055667,8.0,7.0,11.0
spread-source_0.4,final_share,50,50,0,0.9948341851771063,0.001802360966944459,0.9951991212294491,0.9884001933301112,0.9975868725868726
spread-source_0.4,final_mode,50,50,0,65.0,0.0,65.0,65.0,65.0
spread-source_0.4,imitator_events,50,50,0,60199.22,115.73391191585523,60206.5,59893.0,60458.0
spread-source_0.4,dips95,50,50,0,0.0,0.0,0.0,0.0,0.0
spread-source_0.4,dips99,50,50,0,13.52,6.955367916734732,12.5,3.0,40.0
spread-source_0.4,dips100,50,50,0,38.26,139.3767189882097,0.0,0.0,579.0
spread-source_0.4,previous_tick_mode_at_switch,50,0,50,,,,,
spread-source_0.5,switch,50,0,50,,,,,
spread-source_0.5,first95,50,50,0,10.2,2.0503857277724746,10.0,7.0,18.0
spread-source_0.5,first99,50,50,0,15.76,3.7173613639521355,15.0,11.0,27.0
spread-source_0.5,first100,50,0,50,,,,,
spread-source_0.5,sustained65,50,50,0,10.12,0.32826072265931594,10.0,10.0,11.0
spread-source_0.5,sustained62_post,50,0,50,,,,,
spread-source_0.5,proxy_new,50,0,50,,,,,
spread-source_0.5,group_a,50,50,0,10.2,2.0503857277724746,10.0,7.0,18.0
spread-source_0.5,group_b,50,50,0,10.2,2.0503857277724746,10.0,7.0,18.0
spread-source_0.5,final_share,50,50,0,0.9904496551595396,0.004151950766752197,0.9918911726170979,0.9803462798315395,0.996166746526114
spread-source_0.5,final_mode,50,50,0,65.0,0.0,65.0,65.0,65.0
spread-source_0.5,imitator_events,50,50,0,59997.64,118.28532781165298,60011.0,59613.0,60268.0
spread-source_0.5,dips95,50,50,0,0.74,0.48697315854455175,1.0,0.0,2.0
spread-source_0.5,dips99,50,50,0,251.84,39.03026559803381,246.0,174.0,361.0
spread-source_0.5,dips100,50,50,0,0.0,0.0,0.0,0.0,0.0
spread-source_0.5,previous_tick_mode_at_switch,50,0,50,,,,,
counts_Slot_Eligible,switch,50,0,50,,,,,
counts_Slot_Eligible,first95,50,50,0,16.6,3.763411392091283,16.0,10.0,28.0
counts_Slot_Eligible,first99,50,50,0,17.04,3.795593578380712,16.5,10.0,28.0
counts_Slot_Eligible,first100,50,3,47,155.33333333333334,219.80976623738385,36.0,21.0,409.0
counts_Slot_Eligible,sustained65,50,50,0,10.54,0.542481072744215,11.0,10.0,12.0
counts_Slot_Eligible,sustained62_post,50,0,50,,,,,
counts_Slot_Eligible,proxy_new,50,0,50,,,,,
counts_Slot_Eligible,group_a,50,50,0,16.6,3.763411392091283,16.0,10.0,28.0
counts_Slot_Eligible,group_b,50,50,0,16.6,3.763411392091283,16.0,10.0,28.0
counts_Slot_Eligible,final_share,50,50,0,0.9952548990277233,0.0016828246662775694,0.9956916938442163,0.9893668438859352,0.9976979742173112
counts_Slot_Eligible,final_mode,50,50,0,65.0,0.0,65.0,65.0,65.0
counts_Slot_Eligible,imitator_events,50,50,0,59850.02,189.64246596677438,59860.5,59227.0,60259.0
counts_Slot_Eligible,dips95,50,50,0,0.0,0.0,0.0,0.0,0.0
counts_Slot_Eligible,dips99,50,50,0,2.5,1.5551100755055172,2.0,1.0,9.0
counts_Slot_Eligible,dips100,50,50,0,26.68,115.54898952215825,0.0,0.0,579.0
counts_Slot_Eligible,previous_tick_mode_at_switch,50,0,50,,,,,
counts_Slot_All,switch,50,0,50,,,,,
counts_Slot_All,first95,50,0,50,,,,,
counts_Slot_All,first99,50,0,50,,,,,
counts_Slot_All,first100,50,0,50,,,,,
counts_Slot_All,sustained65,50,50,0,10.76,0.5174505793221381,11.0,10.0,12.0
counts_Slot_All,sustained62_post,50,0,50,,,,,
counts_Slot_All,proxy_new,50,0,50,,,,,
counts_Slot_All,group_a,50,0,50,,,,,
counts_Slot_All,group_b,50,0,50,,,,,
counts_Slot_All,final_share,50,50,0,0.14997476447693417,0.009235088052158762,0.15086692079509534,0.1274601686972821,0.1658464566929134
counts_Slot_All,final_mode,50,50,0,65.0,0.0,65.0,65.0,65.0
counts_Slot_All,imitator_events,50,50,0,91.48,13.80807217329259,90.5,59.0,117.0
counts_Slot_All,dips95,50,50,0,0.0,0.0,0.0,0.0,0.0
counts_Slot_All,dips99,50,50,0,0.0,0.0,0.0,0.0,0.0
counts_Slot_All,dips100,50,50,0,0.0,0.0,0.0,0.0,0.0
counts_Slot_All,previous_tick_mode_at_switch,50,0,50,,,,,
counts_Replace_Eligible,switch,50,0,50,,,,,
counts_Replace_Eligible,first95,50,37,13,65.89189189189189,94.47362470957577,35.0,20.0,473.0
counts_Replace_Eligible,first99,50,37,13,66.97297297297297,94.23507441101349,36.0,21.0,473.0
counts_Replace_Eligible,first100,50,3,47,87.0,58.59180830116101,74.0,36.0,151.0
counts_Replace_Eligible,sustained65,50,50,0,10.68,0.5126959555693246,11.0,10.0,12.0
counts_Replace_Eligible,sustained62_post,50,0,50,,,,,
counts_Replace_Eligible,proxy_new,50,0,50,,,,,
counts_Replace_Eligible,group_a,50,37,13,65.89189189189189,94.47362470957577,35.0,20.0,473.0
counts_Replace_Eligible,group_b,50,37,13,65.89189189189189,94.47362470957577,35.0,20.0,473.0
counts_Replace_Eligible,final_share,50,50,0,0.7786532573041939,0.3701502358233107,0.9951573293410028,0.1396917148362235,0.9981325863678805
counts_Replace_Eligible,final_mode,50,50,0,65.0,0.0,65.0,65.0,65.0
counts_Replace_Eligible,imitator_events,50,50,0,41459.72,25024.09425712323,57816.0,1418.0,59488.0
counts_Replace_Eligible,dips95,50,50,0,0.0,0.0,0.0,0.0,0.0
counts_Replace_Eligible,dips99,50,50,0,1.18,1.452513655139719,1.0,0.0,7.0
counts_Replace_Eligible,dips100,50,50,0,30.76,123.55393104855474,0.0,0.0,564.0
counts_Replace_Eligible,previous_tick_mode_at_switch,50,0,50,,,,,
counts_Replace_All,switch,50,0,50,,,,,
counts_Replace_All,first95,50,3,47,200.0,101.12863096077193,213.0,93.0,294.0
counts_Replace_All,first99,50,3,47,201.33333333333334,101.59396307524051,214.0,94.0,296.0
counts_Replace_All,first100,50,0,50,,,,,
counts_Replace_All,sustained65,50,50,0,10.88,0.4351870346207948,11.0,10.0,12.0
counts_Replace_All,sustained62_post,50,0,50,,,,,
counts_Replace_All,proxy_new,50,0,50,,,,,
counts_Replace_All,group_a,50,3,47,200.0,101.12863096077193,213.0,93.0,294.0
counts_Replace_All,group_b,50,3,47,200.0,101.12863096077193,213.0,93.0,294.0
counts_Replace_All,final_share,50,50,0,0.20181930083797117,0.20193440875831817,0.15147970575291242,0.13204887218045114,0.9933269780743565
counts_Replace_All,final_mode,50,50,0,65.0,0.0,65.0,65.0,65.0
counts_Replace_All,imitator_events,50,50,0,3086.08,10070.328908233336,622.0,474.0,52289.0
counts_Replace_All,dips95,50,50,0,0.0,0.0,0.0,0.0,0.0
counts_Replace_All,dips99,50,50,0,7.14,28.965856043392375,0.0,0.0,139.0
counts_Replace_All,dips100,50,50,0,0.0,0.0,0.0,0.0,0.0
counts_Replace_All,previous_tick_mode_at_switch,50,0,50,,,,,
trajectory_0.15,switch,50,0,50,,,,,
trajectory_0.15,first95,50,50,0,7.78,1.2501428489805246,8.0,5.0,10.0
trajectory_0.15,first99,50,50,0,8.44,1.2803060858518902,8.0,6.0,11.0
trajectory_0.15,first100,50,10,40,27.3,9.357706271660094,26.0,14.0,42.0
trajectory_0.15,sustained65,50,50,0,10.38,0.49031435147801467,10.0,10.0,11.0
trajectory_0.15,sustained62_post,50,0,50,,,,,
trajectory_0.15,proxy_new,50,0,50,,,,,
trajectory_0.15,group_a,50,50,0,7.78,1.2501428489805246,8.0,5.0,10.0
trajectory_0.15,group_b,50,50,0,7.78,1.2501428489805246,8.0,5.0,10.0
trajectory_0.15,final_share,50,50,0,0.995128090959809,0.001626018305835215,0.9950790534338259,0.9910798122065728,0.9985974754558204
trajectory_0.15,final_mode,50,50,0,65.0,0.0,65.0,65.0,65.0
trajectory_0.15,imitator_events,50,50,0,47326.4,137.3388480498998,47322.0,46954.0,47636.0
trajectory_0.15,dips95,50,50,0,0.0,0.0,0.0,0.0,0.0
trajectory_0.15,dips99,50,50,0,2.3,1.2975644374703537,2.0,1.0,7.0
trajectory_0.15,dips100,50,50,0,94.5,190.9602213091747,0.0,0.0,486.0
trajectory_0.15,previous_tick_mode_at_switch,50,0,50,,,,,
trajectory_0.2,switch,50,0,50,,,,,
trajectory_0.2,first95,50,50,0,4.96,0.6375975315548971,5.0,4.0,6.0
trajectory_0.2,first99,50,50,0,5.6,0.6998542122237652,6.0,4.0,7.0
trajectory_0.2,first100,50,12,38,40.416666666666664,33.24416102752846,30.5,10.0,138.0
trajectory_0.2,sustained65,50,50,0,10.22,0.4184519575964803,10.0,10.0,11.0
trajectory_0.2,sustained62_post,50,0,50,,,,,
trajectory_0.2,proxy_new,50,0,50,,,,,
trajectory_0.2,group_a,50,50,0,4.96,0.6375975315548971,5.0,4.0,6.0
trajectory_0.2,group_b,50,50,0,4.96,0.6375975315548971,5.0,4.0,6.0
trajectory_0.2,final_share,50,50,0,0.9956416519033535,0.0014324329282458476,0.9961435681986123,0.9923408329344183,0.9985294117647059
trajectory_0.2,final_mode,50,50,0,65.0,0.0,65.0,65.0,65.0
trajectory_0.2,imitator_events,50,50,0,44450.08,117.60897508442187,44461.0,44187.0,44730.0
trajectory_0.2,dips95,50,50,0,0.0,0.0,0.0,0.0,0.0
trajectory_0.2,dips99,50,50,0,1.52,0.8861749953869041,1.0,1.0,6.0
trajectory_0.2,dips100,50,50,0,110.22,198.74712576538056,0.0,0.0,490.0
trajectory_0.2,previous_tick_mode_at_switch,50,0,50,,,,,
trajectory_0.05,switch,50,0,50,,,,,
trajectory_0.05,first95,50,50,0,61.54,3.9238153028159015,62.0,50.0,68.0
trajectory_0.05,first99,50,50,0,61.74,3.98369124285095,62.0,50.0,68.0
trajectory_0.05,first100,50,2,48,97.0,32.526911934581186,97.0,74.0,120.0
trajectory_0.05,sustained65,50,50,0,11.0,0.5714285714285714,11.0,10.0,12.0
trajectory_0.05,sustained62_post,50,0,50,,,,,
trajectory_0.05,proxy_new,50,0,50,,,,,
trajectory_0.05,group_a,50,50,0,61.54,3.9238153028159015,62.0,50.0,68.0
trajectory_0.05,group_b,50,50,0,61.54,3.9238153028159015,62.0,50.0,68.0
trajectory_0.05,final_share,50,50,0,0.9948073256895239,0.002060441934411486,0.9949062214668418,0.987099856665074,0.9985808893093662
trajectory_0.05,final_mode,50,50,0,65.0,0.0,65.0,65.0,65.0
trajectory_0.05,imitator_events,50,50,0,49861.9,532.0522166333769,49902.5,48778.0,51183.0
trajectory_0.05,dips95,50,50,0,0.0,0.0,0.0,0.0,0.0
trajectory_0.05,dips99,50,50,0,2.34,2.255243323674763,2.0,0.0,13.0
trajectory_0.05,dips100,50,50,0,16.12,79.9085293396424,0.0,0.0,426.0
trajectory_0.05,previous_tick_mode_at_switch,50,0,50,,,,,
policy_ae_0.01_auto,switch,50,50,0,3.16,0.3703280399090206,3.0,3.0,4.0
policy_ae_0.01_auto,first95,50,50,0,5.18,0.38808793449160356,5.0,5.0,6.0
policy_ae_0.01_auto,first99,50,50,0,5.78,0.5816935163286381,6.0,5.0,7.0
policy_ae_0.01_auto,first100,50,7,43,39.0,26.044833140823407,36.0,11.0,80.0
policy_ae_0.01_auto,sustained65,50,0,50,,,,,
policy_ae_0.01_auto,sustained62_post,50,50,0,12.4,0.4948716593053935,12.0,12.0,13.0
policy_ae_0.01_auto,proxy_new,50,50,0,2.02,0.1414213562373095,2.0,2.0,3.0
policy_ae_0.01_auto,group_a,50,50,0,3.16,0.3703280399090206,3.0,3.0,4.0
policy_ae_0.01_auto,group_b,50,50,0,3.16,0.3703280399090206,3.0,3.0,4.0
policy_ae_0.01_auto,final_share,50,50,0,0.996214979290504,0.0013756770743679567,0.9961991089070148,0.9934057408844065,0.9992233009708738
policy_ae_0.01_auto,final_mode,50,50,0,62.0,0.0,62.0,62.0,62.0
policy_ae_0.01_auto,imitator_events,50,50,0,13560.36,73.58287289630292,13552.5,13427.0,13808.0
policy_ae_0.01_auto,dips95,50,50,0,0.0,0.0,0.0,0.0,0.0
policy_ae_0.01_auto,dips99,50,50,0,1.1,0.30304576336566325,1.0,1.0,2.0
policy_ae_0.01_auto,dips100,50,50,0,9.0,24.321821897385963,0.0,0.0,92.0
policy_ae_0.01_auto,previous_tick_mode_at_switch,50,50,0,70.0,0.0,70.0,70.0,70.0
policy_ae_0.01_fixed,switch,50,50,0,101.0,0.0,101.0,101.0,101.0
policy_ae_0.01_fixed,first95,50,50,0,3.16,0.3703280399090206,3.0,3.0,4.0
policy_ae_0.01_fixed,first99,50,50,0,3.54,0.5034574339058885,4.0,3.0,4.0
policy_ae_0.01_fixed,first100,50,8,42,44.125,29.361965193086107,41.0,4.0,88.0
policy_ae_0.01_fixed,sustained65,50,50,0,12.8,0.6060915267313265,13.0,12.0,14.0
policy_ae_0.01_fixed,sustained62_post,50,50,0,15.0,0.0,15.0,15.0,15.0
policy_ae_0.01_fixed,proxy_new,50,50,0,1.0,0.0,1.0,1.0,1.0
policy_ae_0.01_fixed,group_a,50,50,0,3.16,0.3703280399090206,3.0,3.0,4.0
policy_ae_0.01_fixed,group_b,50,50,0,3.16,0.3703280399090206,3.0,3.0,4.0
policy_ae_0.01_fixed,final_share,50,50,0,0.9965723318245501,0.0014829825091725907,0.9970625262274444,0.9919389053882054,0.9995850622406639
policy_ae_0.01_fixed,final_mode,50,50,0,62.0,0.0,62.0,62.0,62.0
policy_ae_0.01_fixed,imitator_events,50,50,0,24372.1,62.1036822333328,24376.5,24218.0,24479.0
policy_ae_0.01_fixed,dips95,50,50,0,1.0,0.0,1.0,1.0,1.0
policy_ae_0.01_fixed,dips99,50,50,0,3.34,0.47851812069840644,3.0,3.0,4.0
policy_ae_0.01_fixed,dips100,50,50,0,25.08,59.0979263422938,0.0,0.0,197.0
policy_ae_0.01_fixed,previous_tick_mode_at_switch,50,50,0,65.0,0.0,65.0,65.0,65.0
policy_ae_0.01_sustained,switch,50,50,0,13.8,0.6060915267313265,14.0,13.0,15.0
policy_ae_0.01_sustained,first95,50,50,0,3.16,0.3703280399090206,3.0,3.0,4.0
policy_ae_0.01_sustained,first99,50,50,0,3.54,0.5034574339058885,4.0,3.0,4.0
policy_ae_0.01_sustained,first100,50,5,45,18.0,10.8397416943394,20.0,4.0,33.0
policy_ae_0.01_sustained,sustained65,50,50,0,12.8,0.6060915267313265,13.0,12.0,14.0
policy_ae_0.01_sustained,sustained62_post,50,50,0,15.0,0.0,15.0,15.0,15.0
policy_ae_0.01_sustained,proxy_new,50,50,0,2.0,0.0,2.0,2.0,2.0
policy_ae_0.01_sustained,group_a,50,50,0,3.16,0.3703280399090206,3.0,3.0,4.0
policy_ae_0.01_sustained,group_b,50,50,0,3.16,0.3703280399090206,3.0,3.0,4.0
policy_ae_0.01_sustained,final_share,50,50,0,0.9960109299523645,0.0011997098551499992,0.9960651045065657,0.9937037037037038,0.998900293255132
policy_ae_0.01_sustained,final_mode,50,50,0,62.0,0.0,62.0,62.0,62.0
policy_ae_0.01_sustained,imitator_events,50,50,0,14909.22,91.09723219881992,14908.0,14738.0,15109.0
policy_ae_0.01_sustained,dips95,50,50,0,2.0,0.0,2.0,2.0,2.0
policy_ae_0.01_sustained,dips99,50,50,0,3.72,0.49651849134236475,4.0,3.0,5.0
policy_ae_0.01_sustained,dips100,50,50,0,9.6,29.256780131680063,0.0,0.0,110.0
policy_ae_0.01_sustained,previous_tick_mode_at_switch,50,50,0,65.0,0.0,65.0,65.0,65.0
policy_ae_0.02_auto,switch,50,50,0,3.04,0.19794866372215741,3.0,3.0,4.0
policy_ae_0.02_auto,first95,50,50,0,5.06,0.23989793748209523,5.0,5.0,6.0
policy_ae_0.02_auto,first99,50,50,0,5.48,0.5436085025840128,5.0,5.0,7.0
policy_ae_0.02_auto,first100,50,6,44,24.333333333333332,7.607014306984486,24.5,16.0,34.0
policy_ae_0.02_auto,sustained65,50,0,50,,,,,
policy_ae_0.02_auto,sustained62_post,50,50,0,12.3,0.4629100498862757,12.0,12.0,13.0
policy_ae_0.02_auto,proxy_new,50,50,0,2.02,0.1414213562373095,2.0,2.0,3.0
policy_ae_0.02_auto,group_a,50,50,0,3.04,0.19794866372215741,3.0,3.0,4.0
policy_ae_0.02_auto,group_b,50,50,0,3.04,0.19794866372215741,3.0,3.0,4.0
policy_ae_0.02_auto,final_share,50,50,0,0.9962128532871872,0.0013417544827525514,0.9963379098111779,0.9928172386272945,0.9984478075281334
policy_ae_0.02_auto,final_mode,50,50,0,62.0,0.0,62.0,62.0,62.0
policy_ae_0.02_auto,imitator_events,50,50,0,13401.04,51.535587070430054,13410.5,13291.0,13513.0
policy_ae_0.02_auto,dips95,50,50,0,0.0,0.0,0.0,0.0,0.0
policy_ae_0.02_auto,dips99,50,50,0,1.2,0.4948716593053935,1.0,1.0,3.0
policy_ae_0.02_auto,dips100,50,50,0,9.42,25.888371039948435,0.0,0.0,87.0
policy_ae_0.02_auto,previous_tick_mode_at_switch,50,50,0,70.0,0.0,70.0,70.0,70.0
policy_ae_0.02_fixed,switch,50,50,0,101.0,0.0,101.0,101.0,101.0
policy_ae_0.02_fixed,first95,50,50,0,3.04,0.19794866372215741,3.0,3.0,4.0
policy_ae_0.02_fixed,first99,50,50,0,3.5,0.5050762722761054,3.5,3.0,4.0
policy_ae_0.02_fixed,first100,50,12,38,31.333333333333332,19.832633040858024,26.5,15.0,86.0
policy_ae_0.02_fixed,sustained65,50,50,0,12.6,0.5714285714285714,13.0,12.0,14.0
policy_ae_0.02_fixed,sustained62_post,50,50,0,14.98,0.1414213562373095,15.0,14.0,15.0
policy_ae_0.02_fixed,proxy_new,50,50,0,1.0,0.0,1.0,1.0,1.0
policy_ae_0.02_fixed,group_a,50,50,0,3.04,0.19794866372215741,3.0,3.0,4.0
policy_ae_0.02_fixed,group_b,50,50,0,3.04,0.19794866372215741,3.0,3.0,4.0
policy_ae_0.02_fixed,final_share,50,50,0,0.996348510343818,0.0012101812672001909,0.996642872337578,0.9930697105584998,0.9987463435018805
policy_ae_0.02_fixed,final_mode,50,50,0,62.0,0.0,62.0,62.0,62.0
policy_ae_0.02_fixed,imitator_events,50,50,0,24119.44,66.37375926047392,24117.5,23943.0,24276.0
policy_ae_0.02_fixed,dips95,50,50,0,1.0,0.0,1.0,1.0,1.0
policy_ae_0.02_fixed,dips99,50,50,0,3.32,0.551065757771026,3.0,3.0,5.0
policy_ae_0.02_fixed,dips100,50,50,0,40.68,73.72132856720832,0.0,0.0,186.0
policy_ae_0.02_fixed,previous_tick_mode_at_switch,50,50,0,65.0,0.0,65.0,65.0,65.0
policy_ae_0.02_sustained,switch,50,50,0,13.6,0.5714285714285714,14.0,13.0,15.0
policy_ae_0.02_sustained,first95,50,50,0,3.04,0.19794866372215741,3.0,3.0,4.0
policy_ae_0.02_sustained,first99,50,50,0,3.5,0.5050762722761054,3.5,3.0,4.0
policy_ae_0.02_sustained,first100,50,5,45,20.4,6.4265076052238514,17.0,16.0,31.0
policy_ae_0.02_sustained,sustained65,50,50,0,12.6,0.5714285714285714,13.0,12.0,14.0
policy_ae_0.02_sustained,sustained62_post,50,50,0,15.0,0.0,15.0,15.0,15.0
policy_ae_0.02_sustained,proxy_new,50,50,0,2.0,0.0,2.0,2.0,2.0
policy_ae_0.02_sustained,group_a,50,50,0,3.04,0.19794866372215741,3.0,3.0,4.0
policy_ae_0.02_sustained,group_b,50,50,0,3.04,0.19794866372215741,3.0,3.0,4.0
policy_ae_0.02_sustained,final_share,50,50,0,0.996251788418954,0.0011104443076786037,0.9963200693330083,0.9938114306516199,0.9981778425655977
policy_ae_0.02_sustained,final_mode,50,50,0,62.0,0.0,62.0,62.0,62.0
policy_ae_0.02_sustained,imitator_events,50,50,0,14731.32,94.68323990214607,14741.5,14548.0,14907.0
policy_ae_0.02_sustained,dips95,50,50,0,2.0,0.0,2.0,2.0,2.0
policy_ae_0.02_sustained,dips99,50,50,0,3.64,0.6311634866964149,4.0,3.0,5.0
policy_ae_0.02_sustained,dips100,50,50,0,9.3,28.238235766132302,0.0,0.0,97.0
policy_ae_0.02_sustained,previous_tick_mode_at_switch,50,50,0,65.0,0.0,65.0,65.0,65.0
policy_ae_0.04_auto,switch,50,50,0,2.92,0.3404678653660853,3.0,2.0,4.0
policy_ae_0.04_auto,first95,50,50,0,4.94,0.3730732816343027,5.0,4.0,6.0
policy_ae_0.04_auto,first99,50,50,0,5.36,0.6311634866964149,5.0,4.0,7.0
policy_ae_0.04_auto,first100,50,9,41,23.77777777777778,14.263395263556445,21.0,11.0,57.0
policy_ae_0.04_auto,sustained65,50,0,50,,,,,
policy_ae_0.04_auto,sustained62_post,50,50,0,12.48,0.5046720495044484,12.0,12.0,13.0
policy_ae_0.04_auto,proxy_new,50,50,0,2.02,0.1414213562373095,2.0,2.0,3.0
policy_ae_0.04_auto,group_a,50,50,0,2.92,0.3404678653660853,3.0,2.0,4.0
policy_ae_0.04_auto,group_b,50,50,0,2.92,0.3404678653660853,3.0,2.0,4.0
policy_ae_0.04_auto,final_share,50,50,0,0.9959413831923396,0.0012832266912312315,0.9958700839501272,0.9925954793452845,0.9980642663569493
policy_ae_0.04_auto,final_mode,50,50,0,62.0,0.0,62.0,62.0,62.0
policy_ae_0.04_auto,imitator_events,50,50,0,13098.44,70.10375983395714,13110.0,12898.0,13232.0
policy_ae_0.04_auto,dips95,50,50,0,0.0,0.0,0.0,0.0,0.0
policy_ae_0.04_auto,dips99,50,50,0,1.08,0.27404751561786966,1.0,1.0,2.0
policy_ae_0.04_auto,dips100,50,50,0,14.26,31.280697575602858,0.0,0.0,92.0
policy_ae_0.04_auto,previous_tick_mode_at_switch,50,50,0,70.06,0.31363569143000214,70.0,70.0,72.0
policy_ae_0.04_fixed,switch,50,50,0,101.0,0.0,101.0,101.0,101.0
policy_ae_0.04_fixed,first95,50,50,0,2.92,0.3404678653660853,3.0,2.0,4.0
policy_ae_0.04_fixed,first99,50,50,0,3.2,0.4040610178208843,3.0,3.0,4.0
policy_ae_0.04_fixed,first100,50,21,29,40.476190476190474,45.477048109589354,26.0,4.0,196.0
policy_ae_0.04_fixed,sustained65,50,50,0,12.26,0.44308749769345207,12.0,12.0,13.0
policy_ae_0.04_fixed,sustained62_post,50,50,0,14.96,0.19794866372215741,15.0,14.0,15.0
policy_ae_0.04_fixed,proxy_new,50,50,0,1.0,0.0,1.0,1.0,1.0
policy_ae_0.04_fixed,group_a,50,50,0,2.92,0.3404678653660853,3.0,2.0,4.0
policy_ae_0.04_fixed,group_b,50,50,0,2.92,0.3404678653660853,3.0,2.0,4.0
policy_ae_0.04_fixed,final_share,50,50,0,0.9965500488481299,0.001316328976449856,0.9966371706434467,0.9925681255161024,0.9991701244813278
policy_ae_0.04_fixed,final_mode,50,50,0,62.0,0.0,62.0,62.0,62.0
policy_ae_0.04_fixed,imitator_events,50,50,0,23580.8,68.352627108642,23571.5,23423.0,23715.0
policy_ae_0.04_fixed,dips95,50,50,0,1.0,0.0,1.0,1.0,1.0
policy_ae_0.04_fixed,dips99,50,50,0,3.2,0.4040610178208843,3.0,3.0,4.0
policy_ae_0.04_fixed,dips100,50,50,0,67.32,85.02639206116402,0.0,0.0,197.0
policy_ae_0.04_fixed,previous_tick_mode_at_switch,50,50,0,65.0,0.0,65.0,65.0,65.0
policy_ae_0.04_sustained,switch,50,50,0,13.26,0.44308749769345207,13.0,13.0,14.0
policy_ae_0.04_sustained,first95,50,50,0,2.92,0.3404678653660853,3.0,2.0,4.0
policy_ae_0.04_sustained,first99,50,50,0,3.2,0.4040610178208843,3.0,3.0,4.0
policy_ae_0.04_sustained,first100,50,14,36,24.714285714285715,22.25526237312657,14.5,4.0,70.0
policy_ae_0.04_sustained,sustained65,50,50,0,12.26,0.44308749769345207,12.0,12.0,13.0
policy_ae_0.04_sustained,sustained62_post,50,50,0,15.0,0.0,15.0,15.0,15.0
policy_ae_0.04_sustained,proxy_new,50,50,0,2.0,0.0,2.0,2.0,2.0
policy_ae_0.04_sustained,group_a,50,50,0,2.92,0.3404678653660853,3.0,2.0,4.0
policy_ae_0.04_sustained,group_b,50,50,0,2.92,0.3404678653660853,3.0,2.0,4.0
policy_ae_0.04_sustained,final_share,50,50,0,0.9960368954749295,0.0015413244663044403,0.9960658002455998,0.9922651933701657,0.9985496736765772
policy_ae_0.04_sustained,final_mode,50,50,0,62.0,0.0,62.0,62.0,62.0
policy_ae_0.04_sustained,imitator_events,50,50,0,14374.22,69.38925694653199,14359.0,14248.0,14544.0
policy_ae_0.04_sustained,dips95,50,50,0,2.0,0.0,2.0,2.0,2.0
policy_ae_0.04_sustained,dips99,50,50,0,3.6,0.5714285714285714,4.0,3.0,5.0
policy_ae_0.04_sustained,dips100,50,50,0,24.76,41.698901272658716,0.0,0.0,109.0
policy_ae_0.04_sustained,previous_tick_mode_at_switch,50,50,0,65.0,0.0,65.0,65.0,65.0
policy_ae_0.05_auto,switch,50,50,0,2.82,0.38808793449160356,3.0,2.0,3.0
policy_ae_0.05_auto,first95,50,50,0,4.84,0.42185208743524,5.0,4.0,6.0
policy_ae_0.05_auto,first99,50,50,0,5.1,0.5439837932759934,5.0,4.0,6.0
policy_ae_0.05_auto,first100,50,12,38,30.666666666666668,12.751708144639313,32.0,15.0,59.0
policy_ae_0.05_auto,sustained65,50,0,50,,,,,
policy_ae_0.05_auto,sustained62_post,50,50,0,12.38,0.49031435147801467,12.0,12.0,13.0
policy_ae_0.05_auto,proxy_new,50,50,0,2.02,0.1414213562373095,2.0,2.0,3.0
policy_ae_0.05_auto,group_a,50,50,0,2.82,0.38808793449160356,3.0,2.0,3.0
policy_ae_0.05_auto,group_b,50,50,0,2.82,0.38808793449160356,3.0,2.0,3.0
policy_ae_0.05_auto,final_share,50,50,0,0.996141098179408,0.0011550189808339684,0.9962174572929612,0.9931740614334471,0.9980627663696242
policy_ae_0.05_auto,final_mode,50,50,0,62.0,0.0,62.0,62.0,62.0
policy_ae_0.05_auto,imitator_events,50,50,0,12949.12,75.32748637835749,12966.0,12711.0,13099.0
policy_ae_0.05_auto,dips95,50,50,0,0.0,0.0,0.0,0.0,0.0
policy_ae_0.05_auto,dips99,50,50,0,1.1,0.30304576336566325,1.0,1.0,2.0
policy_ae_0.05_auto,dips100,50,50,0,17.26,31.59553701369346,0.0,0.0,87.0
policy_ae_0.05_auto,previous_tick_mode_at_switch,50,50,0,70.2,0.6060915267313265,70.0,70.0,73.0
policy_ae_0.05_fixed,switch,50,50,0,101.0,0.0,101.0,101.0,101.0
policy_ae_0.05_fixed,first95,50,50,0,2.82,0.38808793449160356,3.0,2.0,3.0
policy_ae_0.05_fixed,first99,50,50,0,3.18,0.38808793449160356,3.0,3.0,4.0
policy_ae_0.05_fixed,first100,50,13,37,47.92307692307692,33.36780269077148,40.0,10.0,144.0
policy_ae_0.05_fixed,sustained65,50,50,0,12.16,0.42185208743524,12.0,11.0,13.0
policy_ae_0.05_fixed,sustained62_post,50,50,0,15.0,0.0,15.0,15.0,15.0
policy_ae_0.05_fixed,proxy_new,50,50,0,1.0,0.0,1.0,1.0,1.0
policy_ae_0.05_fixed,group_a,50,50,0,2.82,0.38808793449160356,3.0,2.0,3.0
policy_ae_0.05_fixed,group_b,50,50,0,2.82,0.38808793449160356,3.0,2.0,3.0
policy_ae_0.05_fixed,final_share,50,50,0,0.9958014841844967,0.0013482564679180716,0.9960532366588525,0.9928451178451179,0.9987709954936501
policy_ae_0.05_fixed,final_mode,50,50,0,62.0,0.0,62.0,62.0,62.0
policy_ae_0.05_fixed,imitator_events,50,50,0,23337.62,71.07078678820066,23321.0,23191.0,23493.0
policy_ae_0.05_fixed,dips95,50,50,0,1.0,0.0,1.0,1.0,1.0
policy_ae_0.05_fixed,dips99,50,50,0,3.26,0.44308749769345207,3.0,3.0,4.0
policy_ae_0.05_fixed,dips100,50,50,0,39.78,69.76909145494858,0.0,0.0,191.0
policy_ae_0.05_fixed,previous_tick_mode_at_switch,50,50,0,65.0,0.0,65.0,65.0,65.0
policy_ae_0.05_sustained,switch,50,50,0,13.16,0.42185208743524,13.0,12.0,14.0
policy_ae_0.05_sustained,first95,50,50,0,2.82,0.38808793449160356,3.0,2.0,3.0
policy_ae_0.05_sustained,first99,50,50,0,3.18,0.38808793449160356,3.0,3.0,4.0
policy_ae_0.05_sustained,first100,50,6,44,36.5,21.952220844370167,32.5,10.0,77.0
policy_ae_0.05_sustained,sustained65,50,50,0,12.16,0.42185208743524,12.0,11.0,13.0
policy_ae_0.05_sustained,sustained62_post,50,50,0,15.0,0.0,15.0,15.0,15.0
policy_ae_0.05_sustained,proxy_new,50,50,0,1.96,0.19794866372215741,2.0,1.0,2.0
policy_ae_0.05_sustained,group_a,50,50,0,2.82,0.38808793449160356,3.0,2.0,3.0
policy_ae_0.05_sustained,group_b,50,50,0,2.82,0.38808793449160356,3.0,2.0,3.0
policy_ae_0.05_sustained,final_share,50,50,0,0.996581781714663,0.0011582406182709087,0.9967296507309762,0.9930249632892805,0.9985401459854014
policy_ae_0.05_sustained,final_mode,50,50,0,62.0,0.0,62.0,62.0,62.0
policy_ae_0.05_sustained,imitator_events,50,50,0,14217.24,74.89599863974642,14195.0,14067.0,14391.0
policy_ae_0.05_sustained,dips95,50,50,0,1.96,0.19794866372215741,2.0,1.0,2.0
policy_ae_0.05_sustained,dips99,50,50,0,3.48,0.6141195788629907,3.0,3.0,5.0
policy_ae_0.05_sustained,dips100,50,50,0,9.16,25.999497640358754,0.0,0.0,102.0
policy_ae_0.05_sustained,previous_tick_mode_at_switch,50,50,0,65.0,0.0,65.0,65.0,65.0
policy_gss_0.01_auto,switch,50,50,0,53.8,4.015276949301485,52.0,51.0,68.0
policy_gss_0.01_auto,first95,50,3,47,98.66666666666667,28.88482877451991,83.0,81.0,132.0
policy_gss_0.01_auto,first99,50,0,50,,,,,
policy_gss_0.01_auto,first100,50,0,50,,,,,
policy_gss_0.01_auto,sustained65,50,27,23,108.4074074074074,27.572644273821695,103.0,70.0,149.0
policy_gss_0.01_auto,sustained62_post,50,5,45,54.6,23.628372775119324,43.0,33.0,84.0
policy_gss_0.01_auto,proxy_new,50,3,47,41.333333333333336,27.465129406819354,27.0,24.0,73.0
policy_gss_0.01_auto,group_a,50,50,0,53.8,4.015276949301485,52.0,51.0,68.0
policy_gss_0.01_auto,group_b,50,50,0,53.8,4.015276949301485,52.0,51.0,68.0
policy_gss_0.01_auto,final_share,50,50,0,0.7808838536778122,0.050094074593118806,0.7712620552781098,0.6986842105263158,0.9256521739130434
policy_gss_0.01_auto,final_mode,50,50,0,66.18,1.3353895709202048,67.0,62.0,68.0
policy_gss_0.01_auto,imitator_events,50,50,0,16435.8,467.1901243015502,16305.5,15872.0,17958.0
policy_gss_0.01_auto,dips95,50,50,0,3.24,14.642069665236287,0.0,0.0,74.0
policy_gss_0.01_auto,dips99,50,50,0,0.0,0.0,0.0,0.0,0.0
policy_gss_0.01_auto,dips100,50,50,0,0.0,0.0,0.0,0.0,0.0
policy_gss_0.01_auto,previous_tick_mode_at_switch,50,50,0,69.76,0.7439552323595164,70.0,67.0,70.0
policy_gss_0.01_fixed,switch,50,50,0,101.0,0.0,101.0,101.0,101.0
policy_gss_0.01_fixed,first95,50,50,0,53.8,4.015276949301485,52.0,51.0,68.0
policy_gss_0.01_fixed,first99,50,21,29,71.23809523809524,12.405260021074778,68.0,54.0,95.0
policy_gss_0.01_fixed,first100,50,1,49,88.0,,88.0,88.0,88.0
policy_gss_0.01_fixed,sustained65,50,49,1,74.6938775510204,8.739765637667897,70.0,70.0,105.0
policy_gss_0.01_fixed,sustained62_post,50,3,47,40.333333333333336,34.44318994131254,23.0,18.0,80.0
policy_gss_0.01_fixed,proxy_new,50,2,48,10.5,4.949747468305833,10.5,7.0,14.0
policy_gss_0.01_fixed,group_a,50,50,0,53.8,4.015276949301485,52.0,51.0,68.0
policy_gss_0.01_fixed,group_b,50,50,0,53.8,4.015276949301485,52.0,51.0,68.0
policy_gss_0.01_fixed,final_share,50,50,0,0.789668928987129,0.03787677406516289,0.784969939536112,0.698009318085557,0.8713942307692307
policy_gss_0.01_fixed,final_mode,50,50,0,66.5,0.9313146293146641,67.0,64.0,68.0
policy_gss_0.01_fixed,imitator_events,50,50,0,21459.4,197.6770196093432,21439.5,21079.0,22019.0
policy_gss_0.01_fixed,dips95,50,50,0,129.2,12.668456729940209,131.0,86.0,147.0
policy_gss_0.01_fixed,dips99,50,50,0,53.56,64.08513470217503,0.0,0.0,146.0
policy_gss_0.01_fixed,dips100,50,50,0,2.26,15.980613254815974,0.0,0.0,113.0
policy_gss_0.01_fixed,previous_tick_mode_at_switch,50,50,0,65.58,1.0119691856242765,65.0,65.0,68.0
policy_gss_0.01_sustained,switch,50,50,0,76.64,10.93535737030695,71.0,71.0,123.0
policy_gss_0.01_sustained,first95,50,50,0,53.8,4.015276949301485,52.0,51.0,68.0
policy_gss_0.01_sustained,first99,50,14,36,63.57142857142857,5.416701887741224,64.0,54.0,70.0
policy_gss_0.01_sustained,first100,50,0,50,,,,,
policy_gss_0.01_sustained,sustained65,50,50,0,75.64,10.93535737030695,70.0,70.0,122.0
policy_gss_0.01_sustained,sustained62_post,50,5,45,56.0,22.956480566497994,55.0,23.0,83.0
policy_gss_0.01_sustained,proxy_new,50,4,46,49.5,29.557852876463585,51.5,12.0,83.0
policy_gss_0.01_sustained,group_a,50,50,0,53.8,4.015276949301485,52.0,51.0,68.0
policy_gss_0.01_sustained,group_b,50,50,0,53.8,4.015276949301485,52.0,51.0,68.0
policy_gss_0.01_sustained,final_share,50,50,0,0.7977243863481166,0.04469894909742771,0.7960095650494516,0.7117465224111282,0.926285945727015
policy_gss_0.01_sustained,final_mode,50,50,0,66.38,1.104536101718726,66.0,62.0,68.0
policy_gss_0.01_sustained,imitator_events,50,50,0,18958.38,1185.1045573436695,18452.5,18033.0,23870.0
policy_gss_0.01_sustained,dips95,50,50,0,112.82,13.777666044459528,109.0,99.0,167.0
policy_gss_0.01_sustained,dips99,50,50,0,29.94,48.56907977514173,0.0,0.0,116.0
policy_gss_0.01_sustained,dips100,50,50,0,0.0,0.0,0.0,0.0,0.0
policy_gss_0.01_sustained,previous_tick_mode_at_switch,50,50,0,65.0,0.0,65.0,65.0,65.0
policy_gss_0.02_auto,switch,50,50,0,55.12,11.684002668920739,52.0,51.0,128.0
policy_gss_0.02_auto,first95,50,8,42,127.625,23.97580625785681,133.5,77.0,150.0
policy_gss_0.02_auto,first99,50,0,50,,,,,
policy_gss_0.02_auto,first100,50,0,50,,,,,
policy_gss_0.02_auto,sustained65,50,22,28,112.13636363636364,26.304617473609085,115.0,74.0,147.0
policy_gss_0.02_auto,sustained62_post,50,10,40,66.6,26.94521190201414,69.5,31.0,100.0
policy_gss_0.02_auto,proxy_new,50,8,42,75.375,24.029371907848827,80.0,25.0,98.0
policy_gss_0.02_auto,group_a,50,50,0,55.12,11.684002668920739,52.0,51.0,128.0
policy_gss_0.02_auto,group_b,50,50,0,55.12,11.684002668920739,52.0,51.0,128.0
policy_gss_0.02_auto,final_share,50,50,0,0.7964923488751882,0.057499962242687094,0.7891858689585212,0.7141608391608392,0.9824638316527838
policy_gss_0.02_auto,final_mode,50,50,0,65.86,1.4287142785721427,66.0,62.0,68.0
policy_gss_0.02_auto,imitator_events,50,50,0,16473.2,1218.2451413774634,16183.5,15811.0,23931.0
policy_gss_0.02_auto,dips95,50,50,0,3.46,12.25113072665673,0.0,0.0,73.0
policy_gss_0.02_auto,dips99,50,50,0,0.0,0.0,0.0,0.0,0.0
policy_gss_0.02_auto,dips100,50,50,0,0.0,0.0,0.0,0.0,0.0
policy_gss_0.02_auto,previous_tick_mode_at_switch,50,50,0,69.64,1.2577920401745792,70.0,65.0,70.0
policy_gss_0.02_fixed,switch,50,50,0,101.54,3.8183766184073566,101.0,101.0,128.0
policy_gss_0.02_fixed,first95,50,49,1,53.63265306122449,5.14252644439409,52.0,51.0,80.0
policy_gss_0.02_fixed,first99,50,18,32,68.77777777777777,8.934767224694616,71.5,55.0,81.0
policy_gss_0.02_fixed,first100,50,0,50,,,,,
policy_gss_0.02_fixed,sustained65,50,50,0,74.02,13.792174652050091,70.0,70.0,163.0
policy_gss_0.02_fixed,sustained62_post,50,6,44,70.5,28.514908381406382,78.5,19.0,96.0
policy_gss_0.02_fixed,proxy_new,50,7,43,78.85714285714286,21.759508047660233,86.0,32.0,96.0
policy_gss_0.02_fixed,group_a,50,50,0,55.12,11.684002668920739,52.0,51.0,128.0
policy_gss_0.02_fixed,group_b,50,50,0,55.12,11.684002668920739,52.0,51.0,128.0
policy_gss_0.02_fixed,final_share,50,50,0,0.816336196621891,0.05142607181968044,0.8081765484356187,0.7474619289340102,0.9726418946508779
policy_gss_0.02_fixed,final_mode,50,50,0,65.98,1.3013336957733408,66.0,62.0,68.0
policy_gss_0.02_fixed,imitator_events,50,50,0,21436.28,426.5229156223853,21369.0,20951.0,23931.0
policy_gss_0.02_fixed,dips95,50,50,0,125.36,21.42072237201107,129.5,0.0,145.0
policy_gss_0.02_fixed,dips99,50,50,0,46.36,62.65511689773939,0.0,0.0,144.0
policy_gss_0.02_fixed,dips100,50,50,0,0.0,0.0,0.0,0.0,0.0
policy_gss_0.02_fixed,previous_tick_mode_at_switch,50,50,0,65.48,0.9310954706743042,65.0,65.0,68.0
policy_gss_0.02_sustained,switch,50,50,0,74.9,11.346580892902658,71.0,71.0,128.0
policy_gss_0.02_sustained,first95,50,49,1,53.63265306122449,5.14252644439409,52.0,51.0,80.0
policy_gss_0.02_sustained,first99,50,9,41,60.77777777777778,4.465920335658088,60.0,55.0,69.0
policy_gss_0.02_sustained,first100,50,0,50,,,,,
policy_gss_0.02_sustained,sustained65,50,50,0,73.24,8.888332182113349,70.0,70.0,124.0
policy_gss_0.02_sustained,sustained62_post,50,10,40,48.7,27.984321006989294,51.5,17.0,93.0
policy_gss_0.02_sustained,proxy_new,50,5,45,46.8,24.71234509309062,56.0,6.0,67.0
policy_gss_0.02_sustained,group_a,50,50,0,55.12,11.684002668920739,52.0,51.0,128.0
policy_gss_0.02_sustained,group_b,50,50,0,55.12,11.684002668920739,52.0,51.0,128.0
policy_gss_0.02_sustained,final_share,50,50,0,0.7960188975265285,0.04819794483695032,0.7917361523417037,0.7229102167182663,0.9338235294117647
policy_gss_0.02_sustained,final_mode,50,50,0,66.06,1.185111722968922,66.0,62.0,68.0
policy_gss_0.02_sustained,imitator_events,50,50,0,18652.92,1124.6358474580807,18355.5,17777.0,23931.0
policy_gss_0.02_sustained,dips95,50,50,0,106.96,18.665651089963212,106.0,0.0,166.0
policy_gss_0.02_sustained,dips99,50,50,0,19.3,41.649778890561386,0.0,0.0,114.0
policy_gss_0.02_sustained,dips100,50,50,0,0.0,0.0,0.0,0.0,0.0
policy_gss_0.02_sustained,previous_tick_mode_at_switch,50,50,0,65.0,0.0,65.0,65.0,65.0
policy_gss_0.04_auto,switch,50,50,0,52.86,5.174545232901819,52.0,51.0,86.0
policy_gss_0.04_auto,first95,50,14,36,106.28571428571429,34.695219292551556,107.0,65.0,167.0
policy_gss_0.04_auto,first99,50,1,49,104.0,,104.0,104.0,104.0
policy_gss_0.04_auto,first100,50,0,50,,,,,
policy_gss_0.04_auto,sustained65,50,29,21,98.89655172413794,22.292447195641024,93.0,70.0,148.0
policy_gss_0.04_auto,sustained62_post,50,24,26,63.208333333333336,28.321107763071986,63.5,21.0,99.0
policy_gss_0.04_auto,proxy_new,50,14,36,50.785714285714285,31.50623521055566,54.5,11.0,90.0
policy_gss_0.04_auto,group_a,50,50,0,52.86,5.174545232901819,52.0,51.0,86.0
policy_gss_0.04_auto,group_b,50,50,0,52.86,5.174545232901819,52.0,51.0,86.0
policy_gss_0.04_auto,final_share,50,50,0,0.8336451761068875,0.060934288657045275,0.8190567471257539,0.7030380830124091,0.9728915662650602
policy_gss_0.04_auto,final_mode,50,50,0,64.92,1.8388106182518955,66.0,62.0,67.0
policy_gss_0.04_auto,imitator_events,50,50,0,16098.68,659.2567379485872,15964.5,15463.0,19858.0
policy_gss_0.04_auto,dips95,50,50,0,10.48,23.41832528563205,0.0,0.0,89.0
policy_gss_0.04_auto,dips99,50,50,0,0.94,6.646803743153547,0.0,0.0,47.0
policy_gss_0.04_auto,dips100,50,50,0,0.0,0.0,0.0,0.0,0.0
policy_gss_0.04_auto,previous_tick_mode_at_switch,50,50,0,69.9,0.7071067811865476,70.0,65.0,70.0
policy_gss_0.04_fixed,switch,50,50,0,101.0,0.0,101.0,101.0,101.0
policy_gss_0.04_fixed,first95,50,50,0,52.86,5.174545232901819,52.0,51.0,86.0
policy_gss_0.04_fixed,first99,50,36,14,72.13888888888889,21.217449392661663,67.0,54.0,174.0
policy_gss_0.04_fixed,first100,50,0,50,,,,,
policy_gss_0.04_fixed,sustained65,50,50,0,70.54,2.434530504123989,70.0,70.0,84.0
policy_gss_0.04_fixed,sustained62_post,50,18,32,53.611111111111114,26.95123895196196,45.0,20.0,100.0
policy_gss_0.04_fixed,proxy_new,50,12,38,48.75,32.78337993557101,35.0,14.0,91.0
policy_gss_0.04_fixed,group_a,50,50,0,52.86,5.174545232901819,52.0,51.0,86.0
policy_gss_0.04_fixed,group_b,50,50,0,52.86,5.174545232901819,52.0,51.0,86.0
policy_gss_0.04_fixed,final_share,50,50,0,0.8501832431016865,0.04319653192692158,0.8538152258215406,0.7320099255583127,0.9362765514369012
policy_gss_0.04_fixed,final_mode,50,50,0,64.94,1.7191597378026373,66.0,62.0,67.0
policy_gss_0.04_fixed,imitator_events,50,50,0,21146.94,211.97356496718632,21151.0,20750.0,21635.0
policy_gss_0.04_fixed,dips95,50,50,0,118.54,12.597716022342773,119.5,90.0,138.0
policy_gss_0.04_fixed,dips99,50,50,0,89.92,59.27137175908857,121.0,0.0,143.0
policy_gss_0.04_fixed,dips100,50,50,0,0.0,0.0,0.0,0.0,0.0
policy_gss_0.04_fixed,previous_tick_mode_at_switch,50,50,0,65.04,0.282842712474619,65.0,65.0,67.0
policy_gss_0.04_sustained,switch,50,50,0,71.56,2.5487892283616245,71.0,71.0,86.0
policy_gss_0.04_sustained,first95,50,50,0,54.48,16.357286337486748,52.0,51.0,167.0
policy_gss_0.04_sustained,first99,50,25,25,65.16,15.244343213139752,62.0,54.0,134.0
policy_gss_0.04_sustained,first100,50,0,50,,,,,
policy_gss_0.04_sustained,sustained65,50,50,0,70.54,2.434530504123989,70.0,70.0,84.0
policy_gss_0.04_sustained,sustained62_post,50,23,27,50.91304347826087,27.453949945115962,48.0,18.0,93.0
policy_gss_0.04_sustained,proxy_new,50,15,35,46.0,26.060369474411853,50.0,10.0,83.0
policy_gss_0.04_sustained,group_a,50,50,0,52.86,5.174545232901819,52.0,51.0,86.0
policy_gss_0.04_sustained,group_b,50,50,0,52.86,5.174545232901819,52.0,51.0,86.0
policy_gss_0.04_sustained,final_share,50,50,0,0.8205582807249301,0.045512040313394106,0.8169852254627341,0.752165725047081,0.9526671675432006
policy_gss_0.04_sustained,final_mode,50,50,0,65.52,1.3885831863111848,66.0,62.0,67.0
policy_gss_0.04_sustained,imitator_events,50,50,0,18112.22,438.13055038843555,18003.5,17660.0,19971.0
policy_gss_0.04_sustained,dips95,50,50,0,100.14,17.176170013321673,103.5,7.0,114.0
policy_gss_0.04_sustained,dips99,50,50,0,52.02,53.33853758622123,22.5,0.0,113.0
policy_gss_0.04_sustained,dips100,50,50,0,0.0,0.0,0.0,0.0,0.0
policy_gss_0.04_sustained,previous_tick_mode_at_switch,50,50,0,65.0,0.0,65.0,65.0,65.0
policy_gss_0.05_auto,switch,50,50,0,51.94,1.47648230602334,52.0,51.0,57.0
policy_gss_0.05_auto,first95,50,22,28,96.0909090909091,33.13451529592826,84.5,58.0,152.0
policy_gss_0.05_auto,first99,50,6,44,105.0,27.6477847213841,103.0,66.0,146.0
policy_gss_0.05_auto,first100,50,0,50,,,,,
policy_gss_0.05_auto,sustained65,50,32,18,106.59375,24.239210270058905,111.0,70.0,147.0
policy_gss_0.05_auto,sustained62_post,50,30,20,46.13333333333333,22.529265769038147,37.5,17.0,90.0
policy_gss_0.05_auto,proxy_new,50,22,28,43.72727272727273,32.90416360711791,33.0,5.0,100.0
policy_gss_0.05_auto,group_a,50,50,0,51.94,1.47648230602334,52.0,51.0,57.0
policy_gss_0.05_auto,group_b,50,50,0,51.94,1.47648230602334,52.0,51.0,57.0
policy_gss_0.05_auto,final_share,50,50,0,0.8280572232279503,0.06196941195925894,0.810428985101834,0.724015922158337,0.9692044482463644
policy_gss_0.05_auto,final_mode,50,50,0,64.9,1.8653664081715136,66.0,62.0,67.0
policy_gss_0.05_auto,imitator_events,50,50,0,15843.0,318.66180652656743,15762.0,15279.0,16787.0
policy_gss_0.05_auto,dips95,50,50,0,21.02,31.877629543398022,0.0,0.0,88.0
policy_gss_0.05_auto,dips99,50,50,0,5.32,17.31984823424105,0.0,0.0,89.0
policy_gss_0.05_auto,dips100,50,50,0,0.0,0.0,0.0,0.0,0.0
policy_gss_0.05_auto,previous_tick_mode_at_switch,50,50,0,70.0,0.0,70.0,70.0,70.0
policy_gss_0.05_fixed,switch,50,50,0,101.0,0.0,101.0,101.0,101.0
policy_gss_0.05_fixed,first95,50,50,0,51.94,1.47648230602334,52.0,51.0,57.0
policy_gss_0.05_fixed,first99,50,34,16,76.38235294117646,32.052054920066055,68.0,55.0,188.0
policy_gss_0.05_fixed,first100,50,0,50,,,,,
policy_gss_0.05_fixed,sustained65,50,50,0,70.14,0.9899494936611666,70.0,70.0,77.0
policy_gss_0.05_fixed,sustained62_post,50,32,18,46.78125,21.450219000310703,43.5,18.0,98.0
policy_gss_0.05_fixed,proxy_new,50,19,31,41.05263157894737,26.54027062620652,26.0,16.0,95.0
policy_gss_0.05_fixed,group_a,50,50,0,51.94,1.47648230602334,52.0,51.0,57.0
policy_gss_0.05_fixed,group_b,50,50,0,51.94,1.47648230602334,52.0,51.0,57.0
policy_gss_0.05_fixed,final_share,50,50,0,0.8486947633618791,0.0619433574435492,0.8401012319164083,0.75,0.982520325203252
policy_gss_0.05_fixed,final_mode,50,50,0,64.64,1.9352793396429828,65.0,62.0,67.0
policy_gss_0.05_fixed,imitator_events,50,50,0,21059.48,262.97569065894857,21020.0,20663.0,21725.0
policy_gss_0.05_fixed,dips95,50,50,0,114.36,15.97544033438675,114.5,77.0,144.0
policy_gss_0.05_fixed,dips99,50,50,0,81.9,62.09415168491625,118.0,0.0,145.0
policy_gss_0.05_fixed,dips100,50,50,0,0.0,0.0,0.0,0.0,0.0
policy_gss_0.05_fixed,previous_tick_mode_at_switch,50,50,0,65.12,0.5938459911664722,65.0,65.0,68.0
policy_gss_0.05_sustained,switch,50,50,0,71.14,0.9899494936611666,71.0,71.0,78.0
policy_gss_0.05_sustained,first95,50,50,0,51.94,1.47648230602334,52.0,51.0,57.0
policy_gss_0.05_sustained,first99,50,21,29,61.19047619047619,5.437086054303791,59.0,55.0,70.0
policy_gss_0.05_sustained,first100,50,0,50,,,,,
policy_gss_0.05_sustained,sustained65,50,50,0,70.14,0.9899494936611666,70.0,70.0,77.0
policy_gss_0.05_sustained,sustained62_post,50,29,21,50.689655172413794,24.51108123784579,52.0,17.0,100.0
policy_gss_0.05_sustained,proxy_new,50,18,32,48.72222222222222,27.631622028894945,53.0,4.0,100.0
policy_gss_0.05_sustained,group_a,50,50,0,51.94,1.47648230602334,52.0,51.0,57.0
policy_gss_0.05_sustained,group_b,50,50,0,51.94,1.47648230602334,52.0,51.0,57.0
policy_gss_0.05_sustained,final_share,50,50,0,0.8189905076455246,0.055170854310778845,0.8069983147121218,0.7418508804795804,0.9660693861990087
policy_gss_0.05_sustained,final_mode,50,50,0,65.56,1.655664365080048,66.0,62.0,67.0
policy_gss_0.05_sustained,imitator_events,50,50,0,17910.42,279.4093690451415,17868.0,17477.0,18772.0
policy_gss_0.05_sustained,dips95,50,50,0,102.02,7.752524276199413,102.0,82.0,115.0
policy_gss_0.05_sustained,dips99,50,50,0,44.64,53.07167275467763,0.0,0.0,115.0
policy_gss_0.05_sustained,dips100,50,50,0,0.0,0.0,0.0,0.0,0.0
policy_gss_0.05_sustained,previous_tick_mode_at_switch,50,50,0,65.0,0.0,65.0,65.0,65.0
extent_6,switch,50,0,50,,,,,
extent_6,first95,50,50,0,57.8,6.141195788629908,59.0,36.0,66.0
extent_6,first99,50,50,0,58.02,6.199045351125133,59.0,36.0,67.0
extent_6,first100,50,1,49,147.0,,147.0,147.0,147.0
extent_6,sustained65,50,50,0,10.82,0.6288960200872896,11.0,10.0,13.0
extent_6,sustained62_post,50,0,50,,,,,
extent_6,proxy_new,50,0,50,,,,,
extent_6,group_a,50,50,0,57.8,6.141195788629908,59.0,36.0,66.0
extent_6,group_b,50,50,0,57.8,6.141195788629908,59.0,36.0,66.0
extent_6,final_share,50,50,0,0.9954143063618397,0.0015001167945866217,0.9957335168872774,0.9923111714156491,0.9990333494441759
extent_6,final_mode,50,50,0,65.0,0.0,65.0,65.0,65.0
extent_6,imitator_events,50,50,0,60712.94,637.7878353003786,60710.0,59586.0,62136.0
extent_6,dips95,50,50,0,0.0,0.0,0.0,0.0,0.0
extent_6,dips99,50,50,0,1.5,1.6319513798279803,1.0,0.0,6.0
extent_6,dips100,50,50,0,9.06,64.0638743755012,0.0,0.0,453.0
extent_6,previous_tick_mode_at_switch,50,0,50,,,,,
extent_7,switch,50,0,50,,,,,
extent_7,first95,50,50,0,56.16,6.316030786653845,57.0,30.0,66.0
extent_7,first99,50,50,0,56.5,6.360753388826624,57.0,30.0,67.0
extent_7,first100,50,8,42,207.0,102.29648786039249,212.0,57.0,374.0
extent_7,sustained65,50,50,0,10.92,0.723934826246853,11.0,10.0,12.0
extent_7,sustained62_post,50,0,50,,,,,
extent_7,proxy_new,50,0,50,,,,,
extent_7,group_a,50,50,0,56.16,6.316030786653845,57.0,30.0,66.0
extent_7,group_b,50,50,0,56.16,6.316030786653845,57.0,30.0,66.0
extent_7,final_share,50,50,0,0.9955492376904274,0.0013699362090834326,0.9957365708376867,0.9927675988428158,0.998158379373849
extent_7,final_mode,50,50,0,65.0,0.0,65.0,65.0,65.0
extent_7,imitator_events,50,50,0,60863.14,648.5685654436488,60901.0,59716.0,62719.0
extent_7,dips95,50,50,0,0.0,0.0,0.0,0.0,0.0
extent_7,dips99,50,50,0,0.7,0.762648446573665,1.0,0.0,2.0
extent_7,dips100,50,50,0,62.88,150.58723690395328,0.0,0.0,543.0
extent_7,previous_tick_mode_at_switch,50,0,50,,,,,
extent_8,switch,50,0,50,,,,,
extent_8,first95,50,50,0,54.94,7.470786642732109,56.0,32.0,69.0
extent_8,first99,50,50,0,55.26,7.515453467112049,56.0,33.0,70.0
extent_8,first100,50,9,41,242.66666666666666,146.76426676817488,200.0,77.0,455.0
extent_8,sustained65,50,50,0,10.84,0.6180945043652553,11.0,10.0,12.0
extent_8,sustained62_post,50,0,50,,,,,
extent_8,proxy_new,50,0,50,,,,,
extent_8,group_a,50,50,0,54.94,7.470786642732109,56.0,32.0,69.0
extent_8,group_b,50,50,0,54.94,7.470786642732109,56.0,32.0,69.0
extent_8,final_share,50,50,0,0.9959116384802897,0.0014720985544876255,0.9959994898581583,0.9924206537186168,0.9985576923076923
extent_8,final_mode,50,50,0,65.0,0.0,65.0,65.0,65.0
extent_8,imitator_events,50,50,0,60918.2,798.6860638394967,60836.5,59230.0,62873.0
extent_8,dips95,50,50,0,0.0,0.0,0.0,0.0,0.0
extent_8,dips99,50,50,0,0.52,0.677329690921697,0.0,0.0,3.0
extent_8,dips100,50,50,0,64.26,150.69902563231992,0.0,0.0,522.0
extent_8,previous_tick_mode_at_switch,50,0,50,,,,,
extent_9,switch,50,0,50,,,,,
extent_9,first95,50,50,0,53.8,6.755194524306794,55.0,33.0,66.0
extent_9,first99,50,50,0,54.0,6.77329690921697,55.5,33.0,66.0
extent_9,first100,50,8,42,220.75,150.24337399223776,244.0,43.0,447.0
extent_9,sustained65,50,50,0,10.92,0.7515969393123375,11.0,10.0,12.0
extent_9,sustained62_post,50,0,50,,,,,
extent_9,proxy_new,50,0,50,,,,,
extent_9,group_a,50,50,0,53.8,6.755194524306794,55.0,33.0,66.0
extent_9,group_b,50,50,0,53.8,6.755194524306794,55.0,33.0,66.0
extent_9,final_share,50,50,0,0.9960309428731688,0.001451732222762998,0.9962454565796127,0.9913544668587896,0.9981158737635422
extent_9,final_mode,50,50,0,65.0,0.0,65.0,65.0,65.0
extent_9,imitator_events,50,50,0,60956.44,672.3828829056328,60911.5,59733.0,62326.0
extent_9,dips95,50,50,0,0.0,0.0,0.0,0.0,0.0
extent_9,dips99,50,50,0,0.28,0.5360475154083919,0.0,0.0,2.0
extent_9,dips100,50,50,0,60.68,151.49276806339702,0.0,0.0,557.0
extent_9,previous_tick_mode_at_switch,50,0,50,,,,,
extent_10,switch,50,0,50,,,,,
extent_10,first95,50,50,0,52.78,7.083438574648356,55.0,36.0,63.0
extent_10,first99,50,50,0,53.12,6.962406339823634,55.0,36.0,63.0
extent_10,first100,50,11,39,332.72727272727275,147.27463522894288,336.0,64.0,517.0
extent_10,sustained65,50,50,0,10.68,0.586932530976404,11.0,10.0,12.0
extent_10,sustained62_post,50,0,50,,,,,
extent_10,proxy_new,50,0,50,,,,,
extent_10,group_a,50,50,0,52.78,7.083438574648356,55.0,36.0,63.0
extent_10,group_b,50,50,0,52.78,7.083438574648356,55.0,36.0,63.0
extent_10,final_share,50,50,0,0.9960878856899142,0.001376110294102063,0.9961795292829776,0.9931972789115646,0.9986059479553904
extent_10,final_mode,50,50,0,65.0,0.0,65.0,65.0,65.0
extent_10,imitator_events,50,50,0,60965.42,773.2402295878437,60938.5,59579.0,62360.0
extent_10,dips95,50,50,0,0.0,0.0,0.0,0.0,0.0
extent_10,dips99,50,50,0,0.28,0.6401530429259451,0.0,0.0,2.0
extent_10,dips100,50,50,0,58.78,130.0978109276373,0.0,0.0,536.0
extent_10,previous_tick_mode_at_switch,50,0,50,,,,,
cohort-source_200,switch,50,0,50,,,,,
cohort-source_200,first95,50,50,0,16.66,2.803860312686997,17.0,11.0,23.0
cohort-source_200,first99,50,27,23,17.48148148148148,2.4552983583446695,18.0,12.0,23.0
cohort-source_200,first100,50,0,50,,,,,
cohort-source_200,sustained65,50,50,0,10.58,0.4985693819032899,11.0,10.0,11.0
cohort-source_200,sustained62_post,50,0,50,,,,,
cohort-source_200,proxy_new,50,0,50,,,,,
cohort-source_200,group_a,50,50,0,16.66,2.803860312686997,17.0,11.0,23.0
cohort-source_200,group_b,50,50,0,16.66,2.803860312686997,17.0,11.0,23.0
cohort-source_200,final_share,50,50,0,0.9862412602555235,0.011914762050469905,0.9912398735125972,0.9586750788643533,0.9987208186760473
cohort-source_200,final_mode,50,50,0,65.0,0.0,65.0,65.0,65.0
cohort-source_200,imitator_events,50,50,0,3575.72,255.52075996973358,3595.0,3080.0,4075.0
cohort-source_200,dips95,50,50,0,0.0,0.0,0.0,0.0,0.0
cohort-source_200,dips99,50,50,0,0.0,0.0,0.0,0.0,0.0
cohort-source_200,dips100,50,50,0,0.0,0.0,0.0,0.0,0.0
cohort-source_200,previous_tick_mode_at_switch,50,0,50,,,,,
cohort-source_300,switch,50,0,50,,,,,
cohort-source_300,first95,50,50,0,15.82,1.870174061526938,16.0,11.0,20.0
cohort-source_300,first99,50,28,22,15.642857142857142,1.8300837000548225,16.0,11.0,18.0
cohort-source_300,first100,50,0,50,,,,,
cohort-source_300,sustained65,50,50,0,10.32,0.4712120714991612,10.0,10.0,11.0
cohort-source_300,sustained62_post,50,0,50,,,,,
cohort-source_300,proxy_new,50,0,50,,,,,
cohort-source_300,group_a,50,50,0,15.82,1.870174061526938,16.0,11.0,20.0
cohort-source_300,group_b,50,50,0,15.82,1.870174061526938,16.0,11.0,20.0
cohort-source_300,final_share,50,50,0,0.987776268116919,0.010402318538425376,0.9907740074746227,0.9533024821203198,0.9976719576719577
cohort-source_300,final_mode,50,50,0,65.0,0.0,65.0,65.0,65.0
cohort-source_300,imitator_events,50,50,0,5290.56,260.03627376477573,5294.5,4681.0,5838.0
cohort-source_300,dips95,50,50,0,0.0,0.0,0.0,0.0,0.0
cohort-source_300,dips99,50,50,0,0.0,0.0,0.0,0.0,0.0
cohort-source_300,dips100,50,50,0,0.0,0.0,0.0,0.0,0.0
cohort-source_300,previous_tick_mode_at_switch,50,0,50,,,,,
groups-source_0.05,switch,50,0,50,,,,,
groups-source_0.05,first95,50,50,0,63.88,3.93643369105611,64.0,56.0,73.0
groups-source_0.05,first99,50,50,0,64.38,4.188857912635005,64.5,56.0,77.0
groups-source_0.05,first100,50,0,50,,,,,
groups-source_0.05,sustained65,50,50,0,10.84,0.6502746672423453,11.0,10.0,12.0
groups-source_0.05,sustained62_post,50,0,50,,,,,
groups-source_0.05,proxy_new,50,0,50,,,,,
groups-source_0.05,group_a,50,50,0,64.06,3.9662350419715757,64.0,56.0,74.0
groups-source_0.05,group_b,50,50,0,24.72,9.845832019858216,22.0,12.0,53.0
groups-source_0.05,final_share,50,50,0,0.995232954918989,0.001650333377582619,0.9948548921185645,0.9909867172675522,0.998589562764457
groups-source_0.05,final_mode,50,50,0,65.0,0.0,65.0,65.0,65.0
groups-source_0.05,imitator_events,50,50,0,61252.82,370.7817274189157,61231.0,60390.0,61986.0
groups-source_0.05,dips95,50,50,0,0.0,0.0,0.0,0.0,0.0
groups-source_0.05,dips99,50,50,0,2.62,1.8940292866731259,3.0,0.0,7.0
groups-source_0.05,dips100,50,50,0,0.0,0.0,0.0,0.0,0.0
groups-source_0.05,previous_tick_mode_at_switch,50,0,50,,,,,
groups-source_0.08,switch,50,0,50,,,,,
groups-source_0.08,first95,50,50,0,51.92,10.317094987427025,54.0,23.0,67.0
groups-source_0.08,first99,50,50,0,52.38,10.151686298043176,54.0,24.0,68.0
groups-source_0.08,first100,50,1,49,134.0,,134.0,134.0,134.0
groups-source_0.08,sustained65,50,50,0,10.74,0.5996597674804388,11.0,10.0,12.0
groups-source_0.08,sustained62_post,50,0,50,,,,,
groups-source_0.08,proxy_new,50,0,50,,,,,
groups-source_0.08,group_a,50,50,0,52.14,10.196057661504994,54.0,23.0,67.0
groups-source_0.08,group_b,50,50,0,31.54,14.117885602226384,28.0,13.0,61.0
groups-source_0.08,final_share,50,50,0,0.9950441711973242,0.001692116708831966,0.9952639981769253,0.9904988123515439,0.9981167608286252
groups-source_0.08,final_mode,50,50,0,65.0,0.0,65.0,65.0,65.0
groups-source_0.08,imitator_events,50,50,0,61775.4,733.9994995271608,61844.5,59985.0,63068.0
groups-source_0.08,dips95,50,50,0,0.0,0.0,0.0,0.0,0.0
groups-source_0.08,dips99,50,50,0,2.7,1.8210783977117089,2.0,0.0,8.0
groups-source_0.08,dips100,50,50,0,9.32,65.90235200658623,0.0,0.0,466.0
groups-source_0.08,previous_tick_mode_at_switch,50,0,50,,,,,
groups-source_0.1,switch,50,0,50,,,,,
groups-source_0.1,first95,50,50,0,45.9,12.360651855210318,44.5,23.0,65.0
groups-source_0.1,first99,50,50,0,46.5,12.042865615994307,46.0,25.0,65.0
groups-source_0.1,first100,50,2,48,314.0,387.49451609022805,314.0,40.0,588.0
groups-source_0.1,sustained65,50,50,0,10.76,0.5174505793221381,11.0,10.0,12.0
groups-source_0.1,sustained62_post,50,0,50,,,,,
groups-source_0.1,proxy_new,50,0,50,,,,,
groups-source_0.1,group_a,50,50,0,46.1,12.249531436269848,45.0,24.0,65.0
groups-source_0.1,group_b,50,50,0,35.58,15.163180432096906,31.0,15.0,63.0
groups-source_0.1,final_share,50,50,0,0.9950722117601576,0.0014128576387453563,0.9950204088802728,0.9924170616113744,0.9985521235521235
groups-source_0.1,final_mode,50,50,0,65.0,0.0,65.0,65.0,65.0
groups-source_0.1,imitator_events,50,50,0,61887.86,842.3583514424831,62118.5,60259.0,63083.0
groups-source_0.1,dips95,50,50,0,0.0,0.0,0.0,0.0,0.0
groups-source_0.1,dips99,50,50,0,3.5,2.1404748662530997,3.5,0.0,10.0
groups-source_0.1,dips100,50,50,0,11.42,79.03811790289957,0.0,0.0,559.0
groups-source_0.1,previous_tick_mode_at_switch,50,0,50,,,,,
groups-source_0.12,switch,50,0,50,,,,,
groups-source_0.12,first95,50,50,0,49.82,13.20434375035545,55.0,24.0,68.0
groups-source_0.12,first99,50,50,0,50.46,13.084045433196843,55.0,25.0,69.0
groups-source_0.12,first100,50,1,49,62.0,,62.0,62.0,62.0
groups-source_0.12,sustained65,50,50,0,10.84,0.5480950312357393,11.0,10.0,12.0
groups-source_0.12,sustained62_post,50,0,50,,,,,
groups-source_0.12,proxy_new,50,0,50,,,,,
groups-source_0.12,group_a,50,50,0,50.04,13.11481480414187,55.0,25.0,68.0
groups-source_0.12,group_b,50,50,0,45.84,15.189093831712656,53.0,19.0,67.0
groups-source_0.12,final_share,50,50,0,0.995030784302036,0.001597031051917675,0.9951725777246447,0.9904076738609112,0.9976841130152848
groups-source_0.12,final_mode,50,50,0,65.0,0.0,65.0,65.0,65.0
groups-source_0.12,imitator_events,50,50,0,61389.98,1016.6836340950584,61358.0,59262.0,62872.0
groups-source_0.12,dips95,50,50,0,0.0,0.0,0.0,0.0,0.0
groups-source_0.12,dips99,50,50,0,3.52,2.837360083757076,3.0,0.0,16.0
groups-source_0.12,dips100,50,50,0,10.74,75.9432682994352,0.0,0.0,537.0
groups-source_0.12,previous_tick_mode_at_switch,50,0,50,,,,,
groups-source_0.15,switch,50,0,50,,,,,
groups-source_0.15,first95,50,50,0,52.48,13.422855926534032,57.5,20.0,67.0
groups-source_0.15,first99,50,50,0,53.0,13.392047594580532,58.0,20.0,69.0
groups-source_0.15,first100,50,2,48,99.5,61.518289963229634,99.5,56.0,143.0
groups-source_0.15,sustained65,50,50,0,10.86,0.45220547975269754,11.0,10.0,12.0
groups-source_0.15,sustained62_post,50,0,50,,,,,
groups-source_0.15,proxy_new,50,0,50,,,,,
groups-source_0.15,group_a,50,50,0,52.72,13.510449470611967,58.0,20.0,68.0
groups-source_0.15,group_b,50,50,0,51.3,14.281785173958543,57.0,17.0,66.0
groups-source_0.15,final_share,50,50,0,0.9954043398270416,0.0013136838591490648,0.9953354921186351,0.9923224568138196,0.9981203007518797
groups-source_0.15,final_mode,50,50,0,65.0,0.0,65.0,65.0,65.0
groups-source_0.15,imitator_events,50,50,0,61136.9,946.0864233293718,60966.0,59454.0,63116.0
groups-source_0.15,dips95,50,50,0,0.0,0.0,0.0,0.0,0.0
groups-source_0.15,dips99,50,50,0,2.96,2.9413310883728427,2.0,0.0,14.0
groups-source_0.15,dips100,50,50,0,20.02,99.46232801356275,0.0,0.0,544.0
groups-source_0.15,previous_tick_mode_at_switch,50,0,50,,,,,
groups-source_0.2,switch,50,0,50,,,,,
groups-source_0.2,first95,50,50,0,58.12,9.599404743450055,60.0,16.0,72.0
groups-source_0.2,first99,50,50,0,58.58,9.65758663392862,60.5,17.0,75.0
groups-source_0.2,first100,50,1,49,305.0,,305.0,305.0,305.0
groups-source_0.2,sustained65,50,50,0,10.9,0.5439837932759934,11.0,10.0,12.0
groups-source_0.2,sustained62_post,50,0,50,,,,,
groups-source_0.2,proxy_new,50,0,50,,,,,
groups-source_0.2,group_a,50,50,0,58.24,9.569424097145053,60.0,16.0,73.0
groups-source_0.2,group_b,50,50,0,57.9,9.798479682156444,60.0,16.0,72.0
groups-source_0.2,final_share,50,50,0,0.9948245458615199,0.0016783529283151896,0.9948427526420369,0.9908345393150024,0.9981549815498155
groups-source_0.2,final_mode,50,50,0,65.0,0.0,65.0,65.0,65.0
groups-source_0.2,imitator_events,50,50,0,60656.5,831.6072770637028,60499.0,59234.0,63461.0
groups-source_0.2,dips95,50,50,0,0.0,0.0,0.0,0.0,0.0
groups-source_0.2,dips99,50,50,0,2.36,1.8489931071272498,2.0,0.0,7.0
groups-source_0.2,dips100,50,50,0,5.9,41.71930009000631,0.0,0.0,295.0
groups-source_0.2,previous_tick_mode_at_switch,50,0,50,,,,,
critical_Slot_0,switch,50,0,50,,,,,
critical_Slot_0,first95,50,50,0,73.14,2.555586118322618,73.0,67.0,79.0
critical_Slot_0,first99,50,50,0,76.64,3.9783085319655895,77.0,68.0,83.0
critical_Slot_0,first100,50,3,47,1154.3333333333333,579.6700210752091,1039.0,641.0,1783.0
critical_Slot_0,sustained65,50,50,0,12.42,1.9906926289252047,12.0,10.0,18.0
critical_Slot_0,sustained62_post,50,0,50,,,,,
critical_Slot_0,proxy_new,50,0,50,,,,,
critical_Slot_0,group_a,50,50,0,73.14,2.555586118322618,73.0,67.0,79.0
critical_Slot_0,group_b,50,50,0,73.14,2.555586118322618,73.0,67.0,79.0
critical_Slot_0,final_share,50,50,0,0.995138824518124,0.0015895561432367207,0.9951853590407806,0.9908345393150024,0.9981024667931688
critical_Slot_0,final_mode,50,50,0,65.0,0.0,65.0,65.0,65.0
critical_Slot_0,imitator_events,50,50,0,216521.1,376.15846910251935,216531.0,215605.0,217420.0
critical_Slot_0,dips95,50,50,0,0.0,0.0,0.0,0.0,0.0
critical_Slot_0,dips99,50,50,0,12.52,5.9564405204341115,11.0,4.0,32.0
critical_Slot_0,dips100,50,50,0,50.74,234.2492837529616,0.0,0.0,1359.0
critical_Slot_0,previous_tick_mode_at_switch,50,0,50,,,,,
critical_Slot_0.02,switch,50,0,50,,,,,
critical_Slot_0.02,first95,50,50,0,69.84,2.613622085949548,70.0,62.0,75.0
critical_Slot_0.02,first99,50,50,0,71.56,4.111506998159965,71.0,62.0,81.0
critical_Slot_0.02,first100,50,1,49,1772.0,,1772.0,1772.0,1772.0
critical_Slot_0.02,sustained65,50,50,0,11.28,0.9905677613348409,11.0,10.0,14.0
critical_Slot_0.02,sustained62_post,50,0,50,,,,,
critical_Slot_0.02,proxy_new,50,0,50,,,,,
critical_Slot_0.02,group_a,50,50,0,69.84,2.613622085949548,70.0,62.0,75.0
critical_Slot_0.02,group_b,50,50,0,69.84,2.613622085949548,70.0,62.0,75.0
critical_Slot_0.02,final_share,50,50,0,0.9945547871406415,0.0017685717586663763,0.9947102641387613,0.9885985748218528,0.997196261682243
critical_Slot_0.02,final_mode,50,50,0,65.0,0.0,65.0,65.0,65.0
critical_Slot_0.02,imitator_events,50,50,0,212767.58,388.0710586099049,212716.0,211956.0,213726.0
critical_Slot_0.02,dips95,50,50,0,0.0,0.0,0.0,0.0,0.0
critical_Slot_0.02,dips99,50,50,0,10.58,5.962775685664439,9.5,2.0,28.0
critical_Slot_0.02,dips100,50,50,0,4.56,32.24406922210657,0.0,0.0,228.0
critical_Slot_0.02,previous_tick_mode_at_switch,50,0,50,,,,,
critical_Slot_0.05,switch,50,0,50,,,,,
critical_Slot_0.05,first95,50,50,0,61.54,3.9238153028159015,62.0,50.0,68.0
critical_Slot_0.05,first99,50,50,0,61.74,3.98369124285095,62.0,50.0,68.0
critical_Slot_0.05,first100,50,4,46,711.5,871.3631083920565,413.5,74.0,1945.0
critical_Slot_0.05,sustained65,50,50,0,11.0,0.5714285714285714,11.0,10.0,12.0
critical_Slot_0.05,sustained62_post,50,0,50,,,,,
critical_Slot_0.05,proxy_new,50,0,50,,,,,
critical_Slot_0.05,group_a,50,50,0,61.54,3.9238153028159015,62.0,50.0,68.0
critical_Slot_0.05,group_b,50,50,0,61.54,3.9238153028159015,62.0,50.0,68.0
critical_Slot_0.05,final_share,50,50,0,0.9944977190160907,0.0017738461965415859,0.994457673864815,0.9890267175572519,0.9980824544582934
critical_Slot_0.05,final_mode,50,50,0,65.0,0.0,65.0,65.0,65.0
critical_Slot_0.05,imitator_events,50,50,0,207691.5,577.8425832529203,207702.0,206620.0,209044.0
critical_Slot_0.05,dips95,50,50,0,0.0,0.0,0.0,0.0,0.0
critical_Slot_0.05,dips99,50,50,0,9.34,5.7413999572741625,8.0,2.0,38.0
critical_Slot_0.05,dips100,50,50,0,103.06,413.6406510043051,0.0,0.0,1925.0
critical_Slot_0.05,previous_tick_mode_at_switch,50,0,50,,,,,
critical_Slot_0.1,switch,50,0,50,,,,,
critical_Slot_0.1,first95,50,50,0,16.6,3.763411392091283,16.0,10.0,28.0
critical_Slot_0.1,first99,50,50,0,17.04,3.795593578380712,16.5,10.0,28.0
critical_Slot_0.1,first100,50,4,46,530.0,770.5266597161537,222.5,21.0,1654.0
critical_Slot_0.1,sustained65,50,50,0,10.54,0.542481072744215,11.0,10.0,12.0
critical_Slot_0.1,sustained62_post,50,0,50,,,,,
critical_Slot_0.1,proxy_new,50,0,50,,,,,
critical_Slot_0.1,group_a,50,50,0,16.6,3.763411392091283,16.0,10.0,28.0
critical_Slot_0.1,group_b,50,50,0,16.6,3.763411392091283,16.0,10.0,28.0
critical_Slot_0.1,final_share,50,50,0,0.9950380838778133,0.0011563139989933008,0.9953040182343902,0.9915690866510538,0.9972170686456401
critical_Slot_0.1,final_mode,50,50,0,65.0,0.0,65.0,65.0,65.0
critical_Slot_0.1,imitator_events,50,50,0,198968.4,284.2161436768338,199013.0,198321.0,199575.0
critical_Slot_0.1,dips95,50,50,0,0.0,0.0,0.0,0.0,0.0
critical_Slot_0.1,dips99,50,50,0,6.34,2.803860312686997,6.0,2.0,14.0
critical_Slot_0.1,dips100,50,50,0,117.6,445.6878655173234,0.0,0.0,1979.0
critical_Slot_0.1,previous_tick_mode_at_switch,50,0,50,,,,,
