tick,retired,modal_age,mean_age,eligibility,new_events,imitator_events,age_events
1,0.16836086404066072,67,76.76603773584905,65,265,5,65:11;66:12;67:16;68:15;69:12;70:14;71:8;72:14;73:11;74:13;75:13;76:10;77:7;78:7;79:6;80:10;81:9;82:7;83:6;84:6;85:10;86:6;87:5;88:6;89:6;90:4;91:4;92:3;93:3;94:2;95:4;96:1;97:2;98:2
2,0.2293401665598975,65,77.71967654986523,65,106,62,65:23;66:3;67:1;68:3;71:2;72:2;75:3;76:2;77:3;78:4;79:2;80:1;81:2;82:2;83:3;84:7;85:4;86:1;88:4;89:2;90:7;91:7;92:4;93:4;94:3;95:1;96:4;97:1;99:1
3,0.2740076824583867,65,78.58811040339702,65,100,72,65:21;66:1;68:1;69:2;70:1;72:1;74:1;75:1;77:1;80:2;81:5;82:1;83:6;84:6;85:3;86:1;87:6;88:3;89:8;90:6;91:5;92:4;93:3;94:5;95:2;96:3;98:1
4,0.38095238095238093,65,79.78074074074074,65,204,182,65:22;66:3;67:1;68:1;69:1;70:1;71:1;72:1;73:2;75:2;77:2;78:6;79:8;80:6;81:10;82:16;83:13;84:19;85:13;86:9;87:10;88:6;89:11;90:10;91:6;92:4;93:5;94:3;95:8;96:1;97:2;98:1
5,0.44630225080385855,65,79.96593673965937,65,147,131,65:21;66:1;67:2;68:1;70:1;73:1;76:1;77:1;78:5;79:7;80:12;81:16;82:9;83:11;84:10;85:7;86:5;87:4;88:7;89:7;90:7;91:6;93:1;94:2;95:1;97:1
6,0.4839331619537275,65,79.47613882863341,65,100,83,65:22;66:3;67:2;68:3;70:3;73:2;74:2;75:2;76:3;77:6;78:3;79:10;80:14;81:5;82:5;83:6;84:3;86:1;87:2;88:1;89:2
7,0.5172413793103449,65,78.80407371483996,65,109,90,65:35;66:2;67:3;68:1;69:5;70:1;72:2;75:2;76:2;77:12;78:11;79:15;80:7;81:4;82:2;83:2;84:3
8,0.5987341772151898,65,77.58415032679738,65,193,177,65:66;66:24;67:8;68:3;69:9;70:2;71:3;72:1;73:1;74:5;75:1;76:4;77:12;78:8;79:13;80:20;81:8;82:4;83:1
9,0.8203174603174603,65,75.83912248628884,65,417,396,65:81;66:28;67:27;68:39;69:33;70:35;71:23;72:15;73:11;74:16;75:16;76:14;77:19;78:22;79:16;80:9;81:7;82:5;84:1
10,0.9886003799873337,65,75.22766279656739,65,340,324,65:85;66:2;69:4;70:13;71:15;72:29;73:31;74:31;75:35;76:21;77:23;78:28;79:7;80:11;81:1;82:2;83:1;84:1
11,0.9949780288763339,65,74.51458447991195,65,101,79,65:87;67:2;69:1;75:1;76:2;77:4;78:2;80:1;81:1
12,0.9937106918238994,65,73.74150417827298,65,84,69,65:81;66:2;67:1
13,0.9949558638083228,65,72.84994400895857,65,91,70,65:84;66:4;67:3
14,0.9974905897114178,65,71.24671445639187,65,92,66,65:86;66:3;67:1;69:1;70:1
15,0.9962453066332916,65,70.03903345724908,65,87,73,65:86;66:1
16,0.9974811083123426,65,69.4110696517413,65,94,76,65:90;66:3;67:1
17,0.9937421777221527,65,68.92229943145925,65,84,63,65:83;66:1
18,0.9950341402855369,65,68.40850776502363,65,91,69,65:86;66:3;67:1;70:1
19,0.9968905472636815,65,67.31569817866435,65,89,73,65:85;66:2;67:2
20,0.9975354282193469,65,65.21743929359823,65,93,76,65:92;66:1
21,0.9981470043236566,65,65.0641891891892,65,83,69,65:81;66:1;69:1
22,0.9969306322897483,65,65.06509539842874,65,87,72,65:86;70:1
23,0.9962802231866088,65,65.06666666666666,65,85,65,65:83;66:1;75:1
24,0.9969230769230769,65,65.05895691609977,65,89,71,65:85;66:2;67:1;68:1
25,0.9981378026070763,65,65.06433408577878,65,91,73,65:86;66:4;67:1
26,0.9950678175092479,65,65.06098964326813,65,77,64,65:76;66:1
27,0.9969135802469136,65,65.06674338319908,65,84,64,65:78;66:6
28,0.9975108898568762,65,65.05793742757821,65,85,67,65:83;66:2
29,0.9987608426270136,65,65.05800464037122,65,88,71,65:85;66:2;69:1
30,0.9968612680477087,65,65.05730994152047,65,86,64,65:86
31,0.9962073324905183,65,65.05827505827506,65,86,71,65:83;66:2;69:1
32,0.9955583756345178,65,65.06177156177156,65,87,73,65:82;66:3;67:1;68:1
33,0.9949302915082383,65,65.04959630911188,65,94,84,65:93;66:1
34,0.9955863808322825,65,65.04487917146145,65,91,79,65:89;66:1;67:1
35,0.993073047858942,65,65.04317386231038,65,79,63,65:77;66:1;68:1
36,0.9968394437420987,65,65.05365296803653,65,96,77,65:90;66:4;68:1;69:1
37,0.9980670103092784,65,65.0580204778157,65,87,67,65:84;67:2;71:1
38,0.9974358974358974,65,65.06228765571915,65,89,74,65:86;66:1;67:1;68:1
39,0.9993560849967804,65,65.06009070294785,65,87,69,65:83;66:4
40,0.997427652733119,65,65.06129398410897,65,85,74,65:84;66:1
41,0.9968010236724248,65,65.05656108597285,65,89,72,65:87;66:2
42,0.9954983922829582,65,65.04983012457531,65,86,71,65:84;66:2
43,0.9980657640232108,65,65.05239179954442,65,89,72,65:86;66:3
44,0.9987088444157521,65,65.05473204104904,65,90,73,65:88;67:1;68:1
45,0.9980506822612085,65,65.05233219567691,65,81,62,65:79;66:2
46,0.9765625,65,65.01363990646921,65,1783,1463,65:1783
47,0.9909145972138098,65,65.03041825095058,65,151,106,65:98;66:51;67:2
48,0.9944819129368485,65,65.03857791225415,65,103,78,65:88;66:3;67:11;68:1
49,0.9968973006515669,65,65.04547162720782,65,104,79,65:94;66:2;67:3;68:5
50,0.9968523764557758,65,65.04892736168611,65,81,65,65:77;66:2;69:2
51,0.9977642925582881,65,65.05358490566037,65,82,60,65:76;66:3;67:1;69:1;70:1
52,0.9980430528375733,65,65.0601134215501,65,81,64,65:75;66:3;69:1;71:2
53,0.9986697705354174,65,65.06022727272727,65,84,68,65:81;66:3
54,0.9972945552925262,65,65.05851264628161,65,99,82,65:98;66:1
55,0.9975903614457832,65,65.05929003021149,65,80,64,65:76;66:4
56,0.9985964912280701,65,65.17460317460318,65,80,64,65:77;66:2;71:1
57,0.9974802015838733,65,65.12629161882893,65,77,68,65:77
58,0.9974311926605505,65,65.098016336056,65,89,74,65:87;66:2
59,0.9970215934475056,65,65.08233890214797,65,85,70,65:83;66:1;72:1
60,0.9988627748294162,65,65.08117647058823,65,93,74,65:87;66:3;67:2;68:1
61,0.9980739599383667,65,65.06526806526807,65,90,78,65:89;66:1
62,0.997624703087886,65,65.04556074766356,65,79,60,65:77;66:2
63,0.9967453213995118,65,65.04716981132076,65,76,63,65:74;67:2
64,0.9979389942291839,65,65.05667060212515,65,98,76,65:92;66:3;67:3
65,0.9978885135135135,65,65.05312868949233,65,80,65,65:79;66:1
66,0.9982773471145564,65,65.046565774156,65,92,71,65:90;66:1;67:1
67,0.9973614775725593,65,65.04734411085451,65,84,66,65:83;66:1
68,0.9986480396575034,65,65.05197740112995,65,108,88,65:104;66:3;69:1
69,0.998149005090236,65,65.04293785310735,65,85,71,65:85
70,0.9976613657623947,65,65.03444444444445,65,108,88,65:106;66:1;67:1
71,0.9970845481049563,65,65.03632236095346,65,71,63,65:69;66:2
72,0.9955312810327706,65,65.03640500568828,65,77,68,65:75;66:2
73,0.9974606399187405,65,65.03736263736263,65,107,83,65:102;66:4;67:1
74,0.9979123173277662,65,65.02914798206278,65,80,67,65:79;66:1
75,0.9936474325039704,65,65.02741228070175,65,100,83,65:100
76,0.9967585089141004,65,65.03369565217392,65,100,81,65:93;66:6;68:1
77,0.996694214876033,65,65.03358613217767,65,87,73,65:86;66:1
78,0.994969256567915,65,65.02651933701658,65,90,71,65:90
79,0.9965556831228473,65,65.03786191536749,65,78,54,65:74;66:1;67:1;68:1;69:1
80,0.9970113568439928,65,65.04209328782707,65,89,68,65:87;66:1;70:1
81,0.9956629491945477,65,65.04550499445061,65,93,68,65:91;68:2
82,0.9951544518473653,65,65.04371002132196,65,114,95,65:112;66:2
83,0.9951040391676866,65,65.04400440044004,65,78,65,65:74;66:3;67:1
84,0.9933252427184466,65,65.04907306434023,65,88,72,65:84;66:3;68:1
85,0.9963503649635036,65,65.06319290465632,65,85,66,65:78;66:5;67:1;70:1
86,0.9969381506429884,65,65.05649717514125,65,83,65,65:81;66:2
87,0.9964705882352941,65,65.05531914893616,65,142,122,65:141;68:1
88,0.993103448275862,65,65.0548780487805,65,134,103,65:132;66:2
89,0.993854748603352,65,65.04680038204394,65,141,115,65:136;66:5
90,0.9951298701298701,65,65.05013673655424,65,139,103,65:133;66:4;67:1;71:1
91,0.9967948717948718,65,65.05017921146954,65,112,94,65:107;66:4;68:1
92,0.9942408376963351,65,65.04973357015986,65,124,103,65:122;66:2
93,0.9953893442622951,65,65.05574324324324,65,136,106,65:131;66:3;70:1;72:1
94,0.9944077275038129,65,65.05569205569205,65,125,94,65:120;66:3;67:1;68:1
95,0.995973829894313,65,65.04996034892942,65,125,93,65:121;66:2;67:1;68:1
96,0.9950223992035838,65,65.0485736314572,65,119,104,65:117;66:2
97,0.9960861056751468,65,65.05465742879137,65,144,120,65:139;66:2;68:3
98,0.994721689059501,65,65.0609756097561,65,147,120,65:143;66:1;67:2;71:1
99,0.9952471482889734,65,65.06523407521105,65,132,110,65:126;66:5;70:1
100,0.9981158737635422,65,65.06182380216383,65,130,106,65:124;66:5;67:1
101,0.9934518241347053,65,65.058506543495,65,117,91,65:115;66:1;67:1
102,0.996316758747698,65,65.0668185269552,65,142,113,65:131;66:10;69:1
103,0.9968065693430657,65,65.05820105820106,65,142,119,65:139;66:2;67:1
104,0.9968454258675079,65,65.05597579425114,65,124,106,65:120;66:3;67:1
105,0.9968847352024922,65,65.05287009063444,65,127,99,65:124;66:3
106,0.9977983267283135,65,65.05820895522388,65,135,107,65:130;66:2;67:2;69:1
107,0.998240211174659,65,65.05401350337584,65,137,100,65:133;66:3;67:1
108,0.9960664335664335,65,65.04614220877458,65,136,113,65:136
109,0.996529284164859,65,65.0419527078566,65,121,96,65:117;66:4
110,0.9978213507625272,65,65.04361132364193,65,126,92,65:121;66:3;68:2
111,0.9965187119234117,65,65.0417933130699,65,126,106,65:125;66:1
112,0.9974259974259975,65,65.03819709702063,65,135,111,65:130;66:3;67:1;69:1
113,0.9957841483979764,65,65.03854875283447,65,156,127,65:152;66:3;67:1
114,0.9966315789473684,65,65.0374531835206,65,136,112,65:132;66:4
115,0.9983129481231547,65,65.042921686747,65,120,94,65:114;66:3;67:2;68:1
116,0.9970526315789474,65,65.0375939849624,65,137,106,65:136;68:1
117,0.9957894736842106,65,65.0398773006135,65,111,87,65:106;66:3;67:2
118,0.9962437395659433,65,65.04552352048559,65,150,124,65:143;66:6;67:1
119,0.9948957890259464,65,65.04718417047184,65,117,94,65:113;66:2;67:2
120,0.9965986394557823,65,65.04772727272727,65,132,104,65:124;66:6;67:2
121,0.9974587039390089,65,65.05283018867925,65,131,105,65:126;66:3;67:1;68:1
122,0.9953488372093023,65,65.05122324159021,65,118,99,65:114;66:3;68:1
123,0.9957555178268251,65,65.05200945626477,65,117,100,65:113;66:4
124,0.996553209823352,65,65.0545746388443,65,113,93,65:109;66:2;67:2
125,0.9953171562366965,65,65.0469483568075,65,152,120,65:151;67:1
126,0.996220075598488,65,65.05787037037037,65,155,121,65:147;66:4;67:1;69:3
127,0.9974025974025974,65,65.06140350877193,65,69,57,65:64;66:4;70:1
128,0.9969298245614036,65,65.06239600665558,65,98,84,65:95;66:2;69:1
129,0.996415770609319,65,65.06757912745937,65,84,66,65:81;66:2;73:1
130,0.9967697277341947,65,65.06333630686886,65,84,67,65:82;66:2
131,0.9962842545285648,65,65.06330275229358,65,100,73,65:97;66:1;67:1;68:1
132,0.9961832061068703,65,65.06476190476191,65,78,67,65:76;66:1;69:1
133,0.996641074856046,65,65.07293666026871,65,109,82,65:105;66:1;67:1;69:1;70:1
134,0.9970717423133236,65,65.07024390243902,65,96,80,65:94;66:2
135,0.996039603960396,65,65.08947368421053,65,77,57,65:74;67:1;69:1;74:1
136,0.997,65,65.08004509582864,65,92,76,65:88;66:4
137,0.9954314720812183,65,65.06994535519125,65,97,78,65:95;66:2
138,0.9958868894601542,65,65.0702524698134,65,94,72,65:91;66:2;69:1
139,0.9958974358974358,65,65.07051282051282,65,109,89,65:105;66:2;69:1;71:1
140,0.9969056214543579,65,65.07484407484408,65,110,92,65:105;66:3;67:1;68:1
141,0.9968911917098445,65,65.078125,65,98,76,65:93;66:3;67:1;69:1
142,0.9979166666666667,65,65.07575757575758,65,108,82,65:103;66:5
143,0.9937271301620492,65,65.06598984771574,65,104,87,65:102;66:2
144,0.9953125,65,65.07920792079207,65,121,104,65:115;66:5;77:1
145,0.9953051643192489,65,65.06634615384615,65,107,88,65:104;66:2;67:1
146,0.9937402190923318,65,65.06792452830189,65,112,92,65:108;66:3;69:1
147,0.9957939011566772,65,65.07909604519774,65,99,80,65:91;66:6;69:2
148,0.9937434827945777,65,65.0839483394834,65,116,95,65:111;66:3;70:2
149,0.9948132780082988,65,65.07855822550832,65,107,85,65:101;66:6
150,0.9958484691229891,65,65.07756232686981,65,111,88,65:107;66:2;67:1;68:1
151,0.9963768115942029,65,65.08378870673953,65,113,85,65:106;66:2;67:2;68:2;70:1
152,0.9953488372093023,65,65.08110516934046,65,132,107,65:128;66:4
153,0.9969434538970963,65,65.08384279475983,65,127,102,65:121;66:5;67:1
154,0.9974619289340102,65,65.07726465364121,65,102,81,65:97;66:3;67:1;68:1
155,0.9974861739567622,65,65.07471763683753,65,132,106,65:129;66:3
156,0.9965243296921549,65,65.07050730868444,65,124,100,65:122;66:1;67:1
157,0.9980029955067399,65,65.06399317406144,65,108,91,65:103;66:4;68:1
158,0.9975296442687747,65,65.05937234944868,65,123,101,65:119;66:2;68:2
159,0.9980535279805353,65,65.05730897009967,65,132,112,65:127;66:5
160,0.9956689124157844,65,65.05263157894737,65,123,101,65:121;66:2
161,0.9967058823529412,65,65.04190169218373,65,138,107,65:134;66:3;67:1
162,0.9929444967074318,65,65.04351395730706,65,109,89,65:106;66:1;67:2
163,0.9925994449583718,65,65.0489396411093,65,135,107,65:127;66:5;67:1;68:1;69:1
164,0.9941016333938294,65,65.04828660436137,65,160,127,65:152;66:6;67:2
165,0.9941149841557265,65,65.05373831775701,65,132,101,65:127;66:3;67:1;70:1
166,0.9950135992747053,65,65.06509803921568,65,115,87,65:108;66:2;67:2;68:1;69:2
167,0.9945578231292517,65,65.06124031007752,65,123,105,65:121;66:1;67:1
168,0.9923388913925192,65,65.05749805749805,65,120,98,65:118;66:1;67:1
169,0.9933065595716198,65,65.05645784996133,65,138,110,65:134;66:4
170,0.9937611408199644,65,65.06563706563706,65,125,102,65:120;66:2;67:1;68:1;72:1
171,0.9964570416297609,65,65.0780031201248,65,125,104,65:118;66:4;70:2;71:1
172,0.9955985915492958,65,65.07756653992395,65,142,113,65:139;66:1;67:1;69:1
173,0.995615957913196,65,65.0747520976354,65,131,104,65:127;66:2;67:1;71:1
174,0.9964866051822574,65,65.07395751376869,65,120,92,65:116;66:2;67:2
175,0.9969657563935848,65,65.06947697111632,65,142,105,65:138;66:3;67:1
176,0.9956578376031263,65,65.06259780907668,65,112,89,65:109;66:1;68:1;69:1
177,0.9969683845820702,65,65.06471494607088,65,143,117,65:138;66:3;67:2
178,0.9952215464813206,65,65.06414219474497,65,116,97,65:114;66:2
179,0.9960664335664335,65,65.06525157232704,65,116,92,65:113;66:2;67:1
180,0.9960369881109643,65,65.06155075939249,65,104,81,65:101;67:2;69:1
181,0.9955869373345102,65,65.05109489051095,65,107,91,65:104;66:1;67:1;68:1
182,0.9955771782397169,65,65.04971002485502,65,116,96,65:113;66:2;67:1
183,0.9947322212467077,65,65.04583333333333,65,124,102,65:120;66:3;67:1
184,0.9955927721463199,65,65.04649196956889,65,103,84,65:100;66:2;69:1
185,0.9951838879159369,65,65.04802744425386,65,125,105,65:121;66:2;67:2
186,0.9951327433628319,65,65.04745470232959,65,105,81,65:101;66:3;69:1
187,0.9963915200721696,65,65.0460584588131,65,113,95,65:110;66:2;67:1
188,0.9950383400992332,65,65.04609929078015,65,115,90,65:114;67:1
189,0.9941069809610155,65,65.04468275245755,65,107,83,65:105;66:2
190,0.9927173418297679,65,65.04118173679498,65,102,86,65:98;66:4
191,0.9958885335769758,65,65.04951370468612,65,121,91,65:112;66:7;68:1;71:1
192,0.9940202391904324,65,65.04795737122558,65,111,88,65:109;66:2
193,0.9940174873446848,65,65.05018248175182,65,94,81,65:88;66:6
194,0.9953183520599251,65,65.05191256830601,65,105,80,65:98;66:6;67:1
195,0.9948015122873346,65,65.05142332415059,65,116,93,65:112;66:3;67:1
196,0.9967074317968015,65,65.05086285195277,65,117,98,65:111;66:5;67:1
197,0.9966996699669967,65,65.04715302491103,65,136,116,65:135;66:1
198,0.9975961538461539,65,65.04813805631244,65,92,74,65:90;66:2
199,0.9965736661771905,65,65.05407882676444,65,97,74,65:94;66:1;68:1;69:1
200,0.9955773955773956,65,65.05373406193078,65,109,86,65:105;66:4
201,0.9960099750623441,65,65.04456824512535,65,100,76,65:95;66:5
202,0.997020854021847,65,65.04893813481071,65,117,96,65:113;66:2;67:1;68:1
203,0.9960278053624627,65,65.0464904284412,65,108,90,65:105;66:2;67:1
204,0.9969984992496248,65,65.0455373406193,65,106,74,65:101;66:4;68:1
205,0.9949367088607595,65,65.04436229205176,65,100,77,65:98;66:1;67:1
206,0.99591211037302,65,65.04618284637135,65,96,79,65:91;66:3;67:1;68:1
207,0.9974450689831375,65,65.05278310940498,65,117,88,65:113;66:2;67:1;68:1
208,0.9984732824427481,65,65.05402843601895,65,105,83,65:103;66:1;68:1
209,0.9974593495934959,65,65.05013927576601,65,119,93,65:117;66:1;69:1
210,0.9959514170040485,65,65.04972375690608,65,118,92,65:115;66:2;67:1
211,0.996969696969697,65,65.05239385727191,65,121,92,65:114;66:5;67:2
212,0.9954819277108434,65,65.04672057502246,65,123,102,65:122;66:1
213,0.9959939909864797,65,65.04906333630687,65,116,93,65:111;66:4;68:1
214,0.9960356788899901,65,65.05030891438659,65,118,90,65:115;68:3
215,0.9970660146699266,65,65.05603448275862,65,127,90,65:122;66:1;67:3;69:1
216,0.9970515970515971,65,65.05384615384615,65,106,84,65:103;66:1;67:1;68:1
217,0.9960591133004926,65,65.05187074829932,65,123,103,65:119;66:3;67:1
218,0.9946524064171123,65,65.05298570227082,65,118,93,65:114;66:3;68:1
219,0.9956542732979237,65,65.05527638190955,65,124,101,65:117;66:6;67:1
220,0.9956374212312167,65,65.05555555555556,65,112,92,65:109;66:2;67:1
221,0.9961221522055259,65,65.05677966101695,65,113,85,65:107;66:3;67:2;68:1
222,0.9961612284069098,65,65.05798319327731,65,133,110,65:130;66:3
223,0.994789199431549,65,65.0585808580858,65,138,110,65:135;66:1;67:1;71:1
224,0.9967350746268657,65,65.05378973105134,65,133,109,65:129;66:4
225,0.993521517815826,65,65.04746317512274,65,122,98,65:121;68:1
226,0.994487827285255,65,65.05028386050284,65,117,96,65:111;66:4;68:2
227,0.9958885335769758,65,65.05109489051095,65,123,104,65:119;66:2;67:2
228,0.9954001839926403,65,65.04979591836735,65,110,92,65:107;66:2;67:1
229,0.9935155164427976,65,65.04394693200663,65,105,85,65:105
230,0.9949285384970032,65,65.04844006568145,65,124,95,65:119;66:2;67:2;69:1
231,0.9954065227377125,65,65.04224207961008,65,126,104,65:124;66:1;67:1
232,0.9945823927765237,65,65.0423322683706,65,154,125,65:153;69:1
233,0.9963768115942029,65,65.04361873990307,65,124,100,65:119;66:3;67:1;70:1
234,0.9959072305593452,65,65.04204451772465,65,108,91,65:107;66:1
235,0.9945872801082544,65,65.04308202154101,65,116,91,65:113;66:2;67:1
236,0.9963570127504554,65,65.03770491803279,65,130,105,65:126;66:4
237,0.9945578231292517,65,65.03363412633306,65,122,94,65:121;66:1
238,0.994954128440367,65,65.0373754152824,65,95,81,65:89;66:5;68:1
239,0.9954524783992724,65,65.04308943089431,65,131,101,65:126;66:4;69:1
240,0.9963553530751709,65,65.03861625100564,65,137,108,65:133;66:3;67:1
241,0.9954065227377125,65,65.03953871499176,65,97,79,65:94;66:3
242,0.9959202175883953,65,65.04326123128119,65,142,118,65:138;66:2;68:2
243,0.9968297101449275,65,65.03743760399334,65,124,112,65:121;66:3
244,0.9963947724200091,65,65.03591836734694,65,131,117,65:131
245,0.9950517318938371,65,65.03830480847596,65,118,98,65:116;68:1;69:1
246,0.9954975236380009,65,65.04115226337449,65,118,96,65:113;66:4;68:1
247,0.9954812471757795,65,65.04503753127607,65,106,86,65:102;66:3;67:1
248,0.9946043165467626,65,65.04934210526316,65,112,92,65:105;66:4;67:1;68:1;70:1
249,0.9959659345584939,65,65.04950495049505,65,127,103,65:119;66:8
250,0.9972972972972973,65,65.04869857262804,65,116,96,65:113;66:3
251,0.9968167348794906,65,65.05049668874172,65,114,86,65:111;66:1;67:1;68:1
252,0.9986244841815681,65,65.04749787955895,65,113,93,65:110;66:3
253,0.9967502321262767,65,65.04869565217392,65,95,75,65:94;68:1
254,0.9948979591836735,65,65.05263157894737,65,121,92,65:117;66:4
255,0.9957865168539326,65,65.05114638447972,65,112,89,65:107;66:5
256,0.9943741209563994,65,65.04893238434164,65,108,91,65:105;66:2;67:1
257,0.9952896844088553,65,65.05277044854881,65,119,94,65:112;66:5;67:1;68:1
258,0.9919431279620853,65,65.04609929078015,65,103,87,65:100;66:2;69:1
259,0.9952221691352127,65,65.04792043399638,65,105,87,65:98;66:5;67:2
260,0.994205697730565,65,65.05156537753223,65,96,76,65:94;67:1;69:1
261,0.9941775836972343,65,65.05345622119816,65,113,95,65:109;66:2;68:2
262,0.9942196531791907,65,65.06165004533092,65,131,105,65:124;66:4;67:1;68:1;69:1
263,0.9956183057448881,65,65.06654676258992,65,104,81,65:98;66:4;67:1;68:1
264,0.9960994636762555,65,65.0690909090909,65,109,92,65:105;66:2;67:2
265,0.9955968688845401,65,65.06775067750678,65,119,89,65:116;66:2;67:1
266,0.9950763170851797,65,65.06824385805278,65,100,86,65:97;66:2;67:1
267,0.9935929029078364,65,65.06353591160222,65,106,84,65:104;66:1;68:1
268,0.993583415597236,65,65.06330275229358,65,107,82,65:103;66:3;68:1
269,0.9935387673956262,65,65.06071757129715,65,102,85,65:98;66:3;68:1
270,0.9925668979187314,65,65.06267029972751,65,110,87,65:106;66:2;68:1;69:1
271,0.9975186104218362,65,65.07175295186194,65,113,87,65:104;66:5;67:2;68:1;71:1
272,0.996057171020207,65,65.06331471135941,65,104,80,65:103;67:1
273,0.9951243295953194,65,65.0574293527803,65,127,95,65:123;66:4
274,0.9936770428015564,65,65.05696202531645,65,118,88,65:113;66:4;67:1
275,0.995575221238938,65,65.0599455040872,65,114,84,65:107;66:7
276,0.9970311726867888,65,65.06419529837251,65,105,84,65:100;66:3;68:2
277,0.998019801980198,65,65.06238859180036,65,122,100,65:119;66:3
278,0.9965500246426812,65,65.05638766519824,65,120,99,65:120
279,0.99462890625,65,65.05199306759098,65,121,104,65:119;66:2
280,0.9955533596837944,65,65.05130434782609,65,106,85,65:100;66:5;68:1
281,0.9965786901270772,65,65.04088586030664,65,137,113,65:133;66:2;67:1;68:1
282,0.9931673987310884,65,65.04060913705584,65,112,89,65:111;67:1
283,0.9931673987310884,65,65.0501274426508,65,122,98,65:113;66:5;67:2;68:2
284,0.9970731707317073,65,65.05569620253165,65,126,106,65:115;66:9;67:2
285,0.9966265060240964,65,65.05311203319502,65,134,108,65:130;66:3;67:1
286,0.9976099426386233,65,65.04781533388294,65,113,93,65:110;66:3
287,0.9980769230769231,65,65.0479735318445,65,118,100,65:116;66:1;67:1
288,0.9957142857142857,65,65.04975124378109,65,117,89,65:116;67:1
289,0.9962013295346629,65,65.05647840531562,65,119,103,65:115;66:3;72:1
290,0.9967213114754099,65,65.05872756933115,65,128,104,65:121;66:3;67:3;68:1
291,0.9962494139709329,65,65.05721393034825,65,117,93,65:113;66:4
292,0.9957845433255269,65,65.06347897774114,65,119,97,65:116;66:1;67:1;72:1
293,0.9962476547842402,65,65.05764411027569,65,106,82,65:101;66:3;67:2
294,0.996238834038552,65,65.05378151260504,65,119,91,65:113;66:4;67:2
295,0.9957884885353299,65,65.05649241146712,65,130,103,65:125;66:4;69:1
296,0.9972337482710927,65,65.05697770437655,65,138,107,65:134;66:3;67:1
297,0.9953831948291783,65,65.05491803278689,65,127,111,65:126;66:1
298,0.9935513588208199,65,65.05795918367347,65,122,93,65:118;66:3;68:1
299,0.9953959484346224,65,65.06001622060016,65,127,105,65:122;66:2;67:1;69:1;70:1
300,0.9962756052141527,65,65.06188925081433,65,123,91,65:116;66:1;67:5;68:1
301,0.9976722532588455,65,65.06127450980392,65,113,91,65:110;66:3
302,0.9953810623556582,65,65.06260162601626,65,125,95,65:122;67:1;69:1;71:1
303,0.9930458970792768,65,65.05962933118452,65,117,88,65:113;66:4
304,0.9953379953379954,65,65.0644641418211,65,119,83,65:110;66:5;67:3;68:1
305,0.9967411545623837,65,65.06493506493507,65,121,100,65:115;66:4;67:2
306,0.9963201471941122,65,65.06947890818859,65,115,93,65:111;66:2;68:1;69:1
307,0.9958314034275128,65,65.0735171261487,65,115,97,65:110;66:5
308,0.9963133640552996,65,65.07178631051752,65,123,102,65:121;66:1;68:1
309,0.9953789279112755,65,65.0632911392405,65,114,93,65:113;67:1
310,0.9953703703703703,65,65.05430242272348,65,135,106,65:133;66:1;68:1
311,0.9944237918215614,65,65.05276381909547,65,110,91,65:109;66:1
312,0.9952852428099953,65,65.0501274426508,65,108,90,65:104;66:2;68:2
313,0.9943208707998107,65,65.05312767780634,65,107,88,65:105;66:1;71:1
314,0.9961886612672701,65,65.05008635578584,65,110,86,65:105;66:3;68:1;69:1
315,0.9947867298578199,65,65.04803493449782,65,108,86,65:105;66:1;67:2
316,0.9947817836812144,65,65.04461942257218,65,113,86,65:108;66:5
317,0.9952267303102625,65,65.04521276595744,65,100,82,65:96;66:3;67:1
318,0.9952084331576425,65,65.04923903312444,65,112,92,65:108;66:2;67:1;69:1
319,0.9961850262279447,65,65.05412599822537,65,124,99,65:119;66:3;67:1;68:1
320,0.9957183634633682,65,65.05352363960749,65,129,105,65:127;66:1;67:1
321,0.996166746526114,65,65.05560458958517,65,122,98,65:119;66:2;67:1
322,0.9971291866028709,65,65.05157342657343,65,119,90,65:116;66:2;67:1
323,0.9938212927756654,65,65.04778453518679,65,114,91,65:112;66:1;67:1
324,0.9928537398761315,65,65.04286964129484,65,102,80,65:98;66:4
325,0.9924812030075187,65,65.04440649017933,65,136,106,65:130;66:4;67:2
326,0.9953117674636662,65,65.05236486486487,65,126,98,65:117;66:6;68:3
327,0.9962476547842402,65,65.04900332225914,65,120,97,65:118;66:2
328,0.9952629085741355,65,65.04742436631234,65,131,100,65:128;66:1;67:1;69:1
329,0.996224634261444,65,65.04433497536945,65,119,96,65:115;66:4
330,0.9943100995732574,65,65.04515050167224,65,107,91,65:105;66:1;67:1
331,0.9933206106870229,65,65.04537671232876,65,94,72,65:91;66:3
332,0.994328922495274,65,65.04987320371936,65,134,111,65:128;66:3;67:2;68:1
333,0.9929044465468306,65,65.05882352941177,65,104,83,65:98;66:3;67:1;68:1;70:1
334,0.9933301572177228,65,65.05962521294718,65,103,82,65:98;66:5
335,0.9952015355086372,65,65.06156552330695,65,99,75,65:93;66:4;67:2
336,0.9951830443159922,65,65.05417406749557,65,115,92,65:112;66:1;67:1;68:1
337,0.9956268221574344,65,65.06428571428572,65,114,91,65:108;66:4;69:1;70:1
338,0.9946341463414634,65,65.06090909090909,65,111,94,65:109;66:2
339,0.9956479690522244,65,65.07014388489209,65,131,101,65:124;66:4;67:1;69:1;70:1
340,0.9975961538461539,65,65.08103294746215,65,118,86,65:111;66:5;67:1;74:1
341,0.9971278123504069,65,65.07929515418502,65,106,84,65:104;66:2
342,0.9971305595408895,65,65.07753303964758,65,134,114,65:131;66:1;67:1;70:1
343,0.9971401334604385,65,65.06770833333333,65,121,98,65:119;66:1;67:1
344,0.996203132415757,65,65.06603773584905,65,117,100,65:115;66:1;68:1
345,0.9953292853806632,65,65.06419753086419,65,148,112,65:142;66:4;67:1;68:1
346,0.996742671009772,65,65.06507413509061,65,114,90,65:110;66:3;69:1
347,0.9962962962962963,65,65.05862923203964,65,111,88,65:108;66:1;67:2
348,0.9944802207911684,65,65.05954323001632,65,126,104,65:124;66:1;68:1
349,0.9954044117647058,65,65.05491803278689,65,125,102,65:120;66:4;70:1
350,0.9954107388710418,65,65.04433497536945,65,116,106,65:113;66:3
351,0.995817843866171,65,65.04884105960265,65,96,74,65:93;66:1;68:2
352,0.9958022388059702,65,65.04583333333333,65,126,104,65:123;66:2;67:1
353,0.9948765719608756,65,65.05054759898904,65,108,88,65:107;73:1
354,0.9971830985915493,65,65.05788590604027,65,122,97,65:116;66:3;67:1;69:2
355,0.9958256029684601,65,65.05281090289608,65,130,104,65:128;66:2
356,0.9967441860465116,65,65.04890387858347,65,126,98,65:123;66:3
357,0.9958391123439667,65,65.04560530679933,65,131,107,65:129;66:2
358,0.9953227315247896,65,65.0501253132832,65,117,92,65:114;66:2;72:1
359,0.9943767572633552,65,65.04380791912384,65,115,89,65:114;66:1
360,0.9924563884959925,65,65.04607508532423,65,101,75,65:97;66:3;67:1
361,0.9943369513921662,65,65.04869857262804,65,115,84,65:107;66:6;67:1;68:1
362,0.9934272300469483,65,65.0461144321093,65,106,90,65:106
363,0.9948283968030089,65,65.04863481228669,65,109,89,65:105;66:1;67:1;68:1;70:1
364,0.9948039678790742,65,65.04588744588744,65,105,87,65:101;66:2;68:1;69:1
365,0.9929971988795518,65,65.04952215464813,65,126,108,65:123;66:2;69:1
366,0.9916434540389972,65,65.0528596187175,65,129,101,65:124;66:3;67:2
367,0.992491787893008,65,65.0589270008795,65,114,90,65:108;66:4;67:2
368,0.9929808142255498,65,65.06090026478375,65,113,84,65:105;66:5;67:3
369,0.9952516619183286,65,65.07314897413023,65,103,80,65:96;66:4;68:2;69:1
370,0.9942829919009052,65,65.0704099821747,65,102,83,65:101;67:1
371,0.9927953890489913,65,65.06445837063563,65,110,85,65:107;66:2;67:1
372,0.9923408329344183,65,65.06643046944198,65,118,91,65:115;66:3
373,0.993879472693032,65,65.07337883959045,65,152,114,65:144;66:2;67:3;69:1;70:2
374,0.9947817836812144,65,65.07142857142857,65,109,82,65:104;66:3;67:2
375,0.9943449575871819,65,65.07002561912896,65,121,94,65:118;66:2;67:1
376,0.9943181818181818,65,65.07124239791486,65,109,91,65:104;66:4;68:1
377,0.9943369513921662,65,65.06869565217391,65,113,93,65:110;66:2;68:1
378,0.9976099426386233,65,65.07349081364829,65,106,82,65:100;66:2;67:3;73:1
379,0.995706106870229,65,65.06516072980017,65,111,91,65:109;67:1;68:1
380,0.99568345323741,65,65.06421232876713,65,119,99,65:117;66:2
381,0.996166746526114,65,65.06632653061224,65,118,92,65:114;66:1;67:3
382,0.9971590909090909,65,65.06795302013423,65,134,108,65:130;66:3;68:1
383,0.9966949952785646,65,65.05608283002589,65,119,99,65:116;66:1;67:1;68:1
384,0.9966824644549763,65,65.05417024935511,65,113,86,65:109;66:3;67:1
385,0.994754411063424,65,65.05277044854881,65,95,80,65:94;66:1
386,0.9975961538461539,65,65.05985915492958,65,108,77,65:100;66:3;67:3;68:2
387,0.9971469329529244,65,65.05729166666667,65,129,104,65:127;66:1;67:1
388,0.9956772334293948,65,65.04922279792746,65,112,95,65:108;66:2;67:1;68:1
389,0.9971028488652824,65,65.05150214592274,65,118,89,65:111;66:6;67:1
390,0.9961482908040443,65,65.05128205128206,65,124,101,65:122;66:2
391,0.9956289460903351,65,65.05190311418686,65,104,79,65:99;66:3;67:2
392,0.9965719882468168,65,65.05729632945389,65,95,80,65:89;66:4;67:1;69:1
393,0.9950956351152526,65,65.05655296229803,65,116,86,65:113;66:2;68:1
394,0.9931906614785992,65,65.05436720142602,65,121,100,65:118;66:3
395,0.9961013645224172,65,65.06824146981627,65,116,84,65:105;66:7;67:2;68:1;69:1
396,0.9956958393113343,65,65.05790838375108,65,122,96,65:119;66:2;67:1
397,0.9948015122873346,65,65.05922746781116,65,137,118,65:133;66:3;67:1
398,0.9948259642521167,65,65.06029285099052,65,108,89,65:103;66:3;67:1;68:1
399,0.9938592347661785,65,65.05660377358491,65,123,100,65:120;66:2;67:1
400,0.9943100995732574,65,65.0626631853786,65,107,87,65:102;66:3;67:1;68:1
401,0.9943074003795066,65,65.06490179333903,65,126,96,65:120;66:3;67:1;68:2
402,0.9952629085741355,65,65.06020066889631,65,120,93,65:115;66:4;67:1
403,0.9934609995329285,65,65.0602310231023,65,132,106,65:128;66:2;67:2
404,0.9963048498845266,65,65.06496710526316,65,125,104,65:117;66:7;67:1
405,0.9940147329650092,65,65.04991816693945,65,122,102,65:122
406,0.9944623904014767,65,65.05669679539852,65,117,83,65:111;66:3;67:2;70:1
407,0.9962511715089035,65,65.06223717409588,65,109,82,65:104;66:2;67:2;69:1
408,0.9948550046772685,65,65.05709487825357,65,110,92,65:108;66:2
409,0.9929411764705882,65,65.05716723549489,65,104,85,65:101;66:3
410,0.9944055944055944,65,65.06175972927242,65,117,98,65:109;66:6;69:2
411,0.9921113689095128,65,65.05721605465415,65,115,88,65:111;66:3;67:1
412,0.9939981532779316,65,65.06016949152543,65,129,106,65:120;66:8;67:1
413,0.9948574100046751,65,65.0698275862069,65,112,97,65:105;66:4;68:1;69:1;70:1
414,0.99496336996337,65,65.06490179333903,65,136,103,65:132;66:4
415,0.9949285384970032,65,65.07006920415225,65,107,82,65:103;66:3;67:1
416,0.9948908499767766,65,65.0671834625323,65,122,101,65:116;66:4;67:1;68:1
417,0.9967577582213988,65,65.06610169491526,65,128,100,65:123;66:4;71:1
418,0.9967487227124942,65,65.073417721519,65,115,93,65:111;66:1;67:2;71:1
419,0.9930426716141002,65,65.07166666666667,65,119,98,65:117;66:2
420,0.9972131908964236,65,65.06887966804979,65,122,107,65:112;66:9;67:1
421,0.9949121184088807,65,65.0656146179402,65,114,95,65:113;66:1
422,0.9940009229349331,65,65.06096528365792,65,106,93,65:103;66:3
423,0.9935691318327974,65,65.05079100749376,65,132,106,65:128;66:3;67:1
424,0.994508009153318,65,65.05236486486487,65,119,97,65:115;66:3;67:1
425,0.9940448923499771,65,65.0540765391015,65,125,98,65:120;66:3;67:1;68:1
426,0.9963285910968334,65,65.05513784461152,65,117,101,65:110;66:6;69:1
427,0.997246443322625,65,65.05503810330228,65,112,81,65:108;66:2;68:1;69:1
428,0.9967889908256881,65,65.05541346973573,65,107,84,65:103;66:2;68:1;71:1
429,0.9944802207911684,65,65.0561224489796,65,122,100,65:119;66:3
430,0.9967682363804248,65,65.05294619982921,65,117,84,65:112;66:4;68:1
431,0.9967727063162748,65,65.05892399658411,65,114,88,65:110;66:1;67:2;68:1
432,0.9963235294117647,65,65.05867346938776,65,111,83,65:108;66:3
433,0.994502977553825,65,65.05687606112055,65,134,109,65:131;66:3
434,0.9958696649839376,65,65.0671768707483,65,117,83,65:110;66:4;67:1;70:1;71:1
435,0.9954128440366973,65,65.06529209621993,65,113,96,65:109;66:3;67:1
436,0.9963570127504554,65,65.06281833616299,65,131,108,65:126;66:3;67:1;68:1
437,0.9963470319634703,65,65.06202209005947,65,111,87,65:107;66:2;67:1;69:1
438,0.9972615244180739,65,65.0547598989048,65,117,95,65:114;66:3
439,0.9945380063723259,65,65.05721605465415,65,106,79,65:102;66:3;67:1
440,0.9945205479452055,65,65.05474764756202,65,115,88,65:111;66:4
441,0.9958294717330862,65,65.05754141238012,65,92,65,65:86;66:3;67:2;68:1
442,0.9949121184088807,65,65.0590790616855,65,115,92,65:112;66:2;68:1
443,0.9971751412429378,65,65.07327971403038,65,102,79,65:94;66:4;67:1;68:1;69:2
444,0.9958022388059702,65,65.05970149253731,65,137,118,65:134;66:3
445,0.99487895716946,65,65.06386701662292,65,117,93,65:112;66:4;71:1
446,0.9953853253345639,65,65.06573181419807,65,129,101,65:122;66:6;69:1
447,0.9976819656930923,65,65.06336805555556,65,122,96,65:116;66:6
448,0.9981351981351981,65,65.06544502617801,65,111,81,65:109;66:1;69:1
449,0.9957446808510638,65,65.06477373558118,65,87,74,65:85;66:1;67:1
450,0.9966903073286052,65,65.06448763250883,65,120,95,65:116;66:4
451,0.9943767572633552,65,65.06173913043479,65,110,91,65:106;66:1;67:2;68:1
452,0.9943741209563994,65,65.06432246998284,65,131,111,65:125;66:4;67:1;68:1
453,0.9948259642521167,65,65.05692438402718,65,113,88,65:107;66:3;67:3
454,0.9957487009919698,65,65.06164383561644,65,128,105,65:123;66:3;67:1;68:1
455,0.9975996159385502,65,65.0610820244328,65,95,80,65:91;66:2;67:1;69:1
456,0.9970859640602234,65,65.05960854092527,65,107,85,65:105;68:1;69:1
457,0.9975704567541303,65,65.05550581915845,65,115,96,65:114;66:1
458,0.9956331877729258,65,65.05580159433127,65,123,100,65:122;71:1
459,0.9960899315738025,65,65.05462555066079,65,93,68,65:91;66:2
460,0.9961183891314895,65,65.05964912280702,65,125,100,65:122;67:2;71:1
461,0.993719806763285,65,65.05800865800866,65,125,103,65:121;66:3;69:1
462,0.9975880366618427,65,65.06195462478185,65,122,95,65:113;66:7;67:1;69:1
463,0.9966313763233878,65,65.05749128919861,65,115,91,65:112;66:2;67:1
464,0.9980833732630571,65,65.05589519650655,65,125,98,65:122;66:2;69:1
465,0.9980722891566265,65,65.05526770293609,65,108,82,65:105;67:2;69:1
466,0.9951620706337687,65,65.05272255834053,65,106,82,65:104;66:1;68:1
467,0.9951338199513382,65,65.05666957279861,65,105,84,65:101;66:3;67:1
468,0.9941944847605225,65,65.05594405594405,65,120,98,65:116;66:3;67:1
469,0.9956563706563707,65,65.06008583690988,65,114,93,65:108;66:5;68:1
470,0.9928571428571429,65,65.0522707797772,65,127,106,65:126;66:1
471,0.9937709631049353,65,65.05810928013877,65,111,84,65:103;66:5;67:2;69:1
472,0.9956395348837209,65,65.05545774647888,65,105,84,65:99;66:4;67:1;68:1
473,0.9961221522055259,65,65.05939716312056,65,107,91,65:102;66:3;67:1;68:1
474,0.9956204379562044,65,65.05550660792952,65,132,115,65:130;66:2
475,0.9951992318771004,65,65.05313588850174,65,121,91,65:117;66:2;67:2
476,0.9936923823386705,65,65.0524017467249,65,103,86,65:101;66:1;67:1
477,0.9941262848751835,65,65.05125977410947,65,111,83,65:107;66:4
478,0.9946627850557982,65,65.05603448275862,65,129,92,65:123;66:3;67:1;68:2
479,0.996129656507015,65,65.05398457583547,65,121,100,65:118;66:2;69:1
480,0.9941775836972343,65,65.06163194444444,65,112,92,65:111;74:1
481,0.9932399806856591,65,65.05826086956522,65,109,85,65:104;66:3;67:1;69:1
482,0.9952221691352127,65,65.05531914893616,65,130,108,65:124;66:5;67:1
483,0.9957163255592575,65,65.04882154882155,65,120,95,65:119;66:1
484,0.996203132415757,65,65.0551724137931,65,104,81,65:101;66:1;68:1;69:1
485,0.9962264150943396,65,65.05555555555556,65,113,89,65:109;66:3;68:1
486,0.992498827941866,65,65.05647263249348,65,102,75,65:98;66:4
487,0.9934055581723975,65,65.05686789151356,65,103,84,65:99;66:4
488,0.9948646125116714,65,65.05622837370242,65,142,113,65:135;66:4;67:2;68:1
489,0.9939703153988868,65,65.05815972222223,65,117,95,65:113;66:2;68:2
490,0.9930651872399445,65,65.05541125541126,65,115,91,65:110;66:4;67:1
491,0.9939814814814815,65,65.05790838375108,65,111,77,65:105;66:3;67:2;70:1
492,0.9944903581267218,65,65.05790838375108,65,130,104,65:124;66:5;67:1
493,0.9949471750114837,65,65.06884681583477,65,125,97,65:119;66:3;67:1;68:1;71:1
494,0.9940312213039486,65,65.0655877342419,65,116,92,65:112;66:3;67:1
495,0.9940585009140768,65,65.07347972972973,65,123,101,65:116;66:4;67:1;68:1;72:1
496,0.9972014925373134,65,65.08523206751055,65,103,79,65:93;66:7;67:1;68:1;71:1
497,0.9967456996745699,65,65.08552631578948,65,134,110,65:130;66:2;67:1;68:1
498,0.9967487227124942,65,65.08158116063919,65,115,96,65:111;66:4
499,0.996301433194637,65,65.07621440536013,65,122,99,65:120;66:2
500,0.9953938277291571,65,65.07416666666667,65,121,102,65:119;66:1;68:1
