0,57
1,55
2,54
3,63
4,54
5,52
6,60
7,65
8,61
9,62
10,65
11,63
12,61
13,65
14,56
15,60
16,56
17,63
18,58
19,64
20,61
21,61
22,56
23,61
24,62
25,61
26,70
27,56
28,67
29,56
30,53
31,65
32,57
33,53
34,55
35,66
36,62
37,64
38,66
39,59
40,64
41,62
42,61
43,64
44,61
45,63
46,58
47,53
48,63
49,58
50,60
51,58
52,58
53,61
54,59
55,66
56,61
57,59
58,62
59,56
60,63
61,54
62,64
63,61
64,63
65,57
66,61
67,69
68,56
69,62
70,57
71,55
72,71
73,64
74,55
75,69
76,51
77,61
78,63
79,62
80,58
81,63
82,55
83,60
84,58
85,62
86,55
87,67
88,54
89,58
90,59
91,62
92,71
93,52
94,60
95,63
96,59
97,61
98,66
99,67
100,56
101,65
102,60
103,67
104,57
105,61
106,62
107,55
108,57
109,60
110,56
111,65
112,65
113,62
114,62
115,61
116,59
117,60
118,56
119,66
120,55
121,62
122,65
123,61
124,67
125,60
126,66
127,57
128,55
129,58
130,72
131,62
132,58
133,67
134,61
135,50
136,53
137,62
138,62
139,59
140,64
141,61
142,47
143,55
144,66
145,51
146,56
147,55
148,65
149,60
150,63
151,60
152,57
153,55
154,56
155,57
156,61
157,63
158,59
159,65
160,58
161,53
162,56
163,70
164,57
165,55
166,66
167,61
168,69
169,52
170,68
171,75
172,64
173,53
174,56
175,62
176,60
177,55
178,61
179,65
180,61
181,54
182,63
183,59
184,54
185,63
186,62
187,57
188,57
189,61
190,51
191,59
192,60
193,61
194,65
195,57
196,70
197,66
198,61
199,60
200,51
201,56
202,68
203,57
204,55
205,61
206,59
207,61
208,62
209,69
210,65
211,58
212,64
213,56
214,63
215,60
216,60
217,58
218,48
219,62
220,60
221,58
222,70
223,58
224,67
225,61
226,56
227,59
228,56
229,61
230,58
231,58
232,74
233,63
234,58
235,59
236,56
237,57
238,65
239,68
240,56
241,61
242,61
243,59
244,51
245,51
246,67
247,61
248,52
249,58
250,51
251,63
252,72
253,64
254,57
255,66
256,60
257,64
258,62
259,55
260,54
261,63
262,59
263,66
264,63
265,60
266,71
267,62
268,54
269,56
270,61
271,58
272,63
273,61
274,59
275,66
276,52
277,66
278,66
279,60
280,56
281,56
282,57
283,56
284,68
285,50
286,61
287,58
288,60
289,69
290,56
291,56
292,52
293,70
294,54
295,56
296,64
297,67
298,59
299,54
300,61
301,57
302,60
303,58
304,69
305,56
306,57
307,65
308,54
309,43
310,63
311,64
312,57
313,62
314,57
315,54
316,58
317,60
318,61
319,61
320,61
321,59
322,58
323,68
324,55
325,58
326,56
327,53
328,51
329,69
330,64
331,60
332,64
333,59
334,57
335,51
336,61
337,59
338,56
339,58
340,54
341,56
342,58
343,53
344,62
345,61
346,55
347,61
348,70
349,68
350,54
351,68
352,61
353,56
354,52
355,65
356,68
357,53
358,57
359,45
360,61
361,68
362,57
363,51
364,58
365,60
366,62
367,57
368,55
369,60
370,59
371,63
372,58
373,60
374,67
375,65
376,62
377,53
378,58
379,61
380,59
381,65
382,59
383,57
384,63
385,62
386,55
387,59
388,64
389,61
390,60
391,57
392,69
393,62
394,57
395,63
396,59
397,53
398,65
399,58
400,57
401,58
402,60
403,67
404,56
405,58
406,62
407,54
408,54
409,61
410,61
411,59
412,53
413,62
414,60
415,62
416,57
417,54
418,65
419,64
420,61
421,56
422,60
423,57
424,52
425,57
426,53
427,59
428,64
429,58
430,59
431,60
432,65
433,61
434,64
435,56
436,60
437,52
438,56
439,59
440,60
441,66
442,63
443,56
444,62
445,67
446,65
447,61
448,50
449,55
450,60
451,60
452,55
453,53
454,61
455,59
456,57
457,62
458,58
459,69
460,63
461,49
462,57
463,67
464,61
465,61
466,55
467,55
468,61
469,57
470,62
471,64
472,61
473,56
474,57
475,62
476,57
477,60
478,69
479,63
480,71
481,58
482,67
483,53
484,61
485,64
486,56
487,54
488,51
489,55
490,57
491,64
492,60
493,66
494,61
495,62
496,55
497,61
498,65
499,59
500,52
501,53
502,56
503,64
504,60
505,59
506,56
507,53
508,68
509,60
510,66
511,62
512,66
513,59
514,59
515,53
516,60
517,52
518,51
519,57
520,76
521,62
522,66
523,57
524,61
525,57
526,63
527,57
528,67
529,68
530,61
531,58
532,56
533,67
534,61
535,65
536,54
537,59
538,57
539,59
540,63
541,60
542,68
543,59
544,53
545,62
546,60
547,59
548,60
549,59
550,64
551,67
552,59
553,65
554,61
555,63
556,55
557,58
558,60
559,61
560,69
561,63
562,62
563,64
564,60
565,64
566,63
567,66
568,53
569,55
570,66
571,72
572,57
573,65
574,56
575,55
576,60
577,64
578,64
579,65
580,65
581,64
582,63
583,64
584,57
585,51
586,60
587,64
588,65
589,65
590,62
591,62
592,57
593,60
594,57
595,58
596,66
597,64
598,58
599,57
600,67
601,60
602,56
603,54
604,59
605,52
606,62
607,63
608,64
609,62
610,55
611,60
612,49
613,57
614,53
615,62
616,66
617,58
618,55
619,56
620,67
621,54
622,68
623,62
624,53
625,64
626,67
627,61
628,55
629,61
630,71
631,62
632,62
633,52
634,66
635,59
636,60
637,61
638,59
639,64
640,55
641,59
642,59
643,55
644,63
645,66
646,52
647,56
648,60
649,62
650,62
651,60
652,63
653,54
654,60
655,61
656,63
657,61
658,64
659,60
660,53
661,62
662,57
663,53
664,62
665,60
666,63
667,62
668,54
669,57
670,59
671,55
672,60
673,52
674,62
675,53
676,58
677,53
678,57
679,51
680,63
681,70
682,62
683,61
684,58
685,55
686,56
687,58
688,58
689,66
690,66
691,67
692,51
693,54
694,56
695,63
696,59
697,53
698,62
699,54
700,56
701,66
702,51
703,59
704,61
705,66
706,63
707,54
708,66
709,58
710,70
711,58
712,68
713,64
714,59
715,60
716,62
717,65
718,66
719,63
720,63
721,64
722,58
723,59
724,63
725,49
726,59
727,58
728,55
729,67
730,52
731,60
732,63
733,66
734,52
735,63
736,59
737,64
738,54
739,61
740,62
741,55
742,58
743,57
744,62
745,64
746,64
747,60
748,56
749,60
750,58
751,54
752,59
753,57
754,54
755,55
756,72
757,66
758,54
759,54
760,60
761,68
762,57
763,60
764,74
765,59
766,63
767,71
768,53
769,71
770,54
771,48
772,64
773,65
774,52
775,59
776,57
777,52
778,62
779,65
780,65
781,60
782,59
783,62
784,61
785,63
786,61
787,58
788,60
789,64
790,62
791,65
792,51
793,65
794,72
795,56
796,57
797,53
798,50
799,59
800,61
801,56
802,67
803,53
804,63
805,58
806,64
807,63
808,59
809,63
810,59
811,63
812,60
813,58
814,62
815,62
816,63
817,53
818,63
819,64
820,57
821,57
822,61
823,68
824,61
825,63
826,65
827,57
828,64
829,64
830,59
831,56
832,64
833,59
834,64
835,61
836,57
837,51
838,49
839,63
840,67
841,62
842,63
843,59
844,71
845,67
846,58
847,67
848,60
849,60
850,60
851,64
852,51
853,57
854,59
855,61
856,60
857,59
858,52
859,68
860,51
861,70
862,63
863,53
864,63
865,69
866,62
867,58
868,60
869,51
870,61
871,56
872,54
873,68
874,61
875,55
876,57
877,61
878,55
879,67
880,52
881,50
882,56
883,67
884,57
885,59
886,65
887,61
888,57
889,64
890,57
891,62
892,63
893,62
894,59
895,59
896,62
897,55
898,62
899,48
900,51
901,65
902,61
903,65
904,63
905,62
906,54
907,61
908,65
909,66
910,61
911,55
912,60
913,60
914,62
915,63
916,62
917,54
918,60
919,58
920,57
921,53
922,61
923,54
924,57
925,62
926,54
927,55
928,56
929,57
930,68
931,61
932,58
933,54
934,60
935,55
936,65
937,58
938,65
939,66
940,49
941,69
942,52
943,57
944,59
945,55
946,64
947,49
948,55
949,65
950,58
951,51
952,49
953,51
954,61
955,53
956,55
957,58
958,52
959,64
960,65
961,58
962,61
963,59
964,61
965,66
966,64
967,75
968,55
969,52
970,60
971,56
972,56
973,56
974,58
975,54
976,52
977,57
978,59
979,63
980,56
981,51
982,64
983,55
984,67
985,59
986,66
987,52
988,60
989,62
990,59
991,53
992,64
993,58
994,67
995,60
996,59
997,61
998,66
999,51
1000,63
1001,59
1002,52
1003,68
1004,58
1005,64
1006,61
1007,56
1008,64
1009,60
1010,66
1011,56
1012,61
1013,65
1014,60
1015,65
1016,64
1017,54
1018,59
1019,60
1020,52
1021,65
1022,62
1023,56
1024,54
1025,58
1026,63
1027,62
1028,65
1029,51
1030,59
1031,58
1032,60
1033,57
1034,60
1035,53
1036,68
1037,72
1038,58
1039,55
1040,64
1041,65
1042,60
1043,60
1044,64
1045,66
1046,56
1047,62
1048,59
1049,67
1050,51
1051,58
1052,64
1053,65
1054,65
1055,66
1056,63
1057,58
1058,50
1059,67
1060,69
1061,70
1062,61
1063,57
1064,59
1065,55
1066,55
1067,62
1068,59
1069,53
1070,63
1071,56
1072,55
1073,61
1074,60
1075,67
1076,67
1077,51
1078,65
1079,62
1080,63
1081,64
1082,46
1083,60
1084,53
1085,62
1086,60
1087,58
1088,50
1089,61
1090,57
1091,54
1092,53
1093,61
1094,64
1095,64
1096,72
1097,63
1098,69
1099,56
1100,59
1101,67
1102,61
1103,76
1104,63
1105,58
1106,58
1107,58
1108,58
1109,59
1110,56
1111,56
1112,63
1113,64
1114,54
1115,60
1116,65
1117,55
1118,61
1119,63
1120,61
1121,58
1122,59
1123,57
1124,50
1125,60
1126,65
1127,61
1128,60
1129,59
1130,63
1131,59
1132,66
1133,63
1134,60
1135,59
1136,60
1137,57
1138,65
1139,66
1140,62
1141,61
1142,53
1143,56
1144,61
1145,62
1146,61
1147,64
1148,65
1149,56
1150,59
1151,59
1152,69
1153,57
1154,57
1155,63
1156,55
1157,56
1158,58
1159,58
1160,59
1161,62
1162,60
1163,58
1164,56
1165,56
1166,60
1167,60
1168,55
1169,60
1170,54
1171,70
1172,60
1173,55
1174,59
1175,59
1176,58
1177,69
1178,63
1179,62
1180,58
1181,67
1182,66
1183,62
1184,64
1185,50
1186,55
1187,61
1188,62
1189,56
1190,63
1191,58
1192,64
1193,61
1194,55
1195,54
1196,49
1197,65
1198,65
1199,61
1200,50
1201,58
1202,60
1203,56
1204,48
1205,62
1206,60
1207,47
1208,61
1209,59
1210,63
1211,63
1212,64
1213,58
1214,56
1215,61
1216,68
1217,63
1218,62
1219,63
1220,65
1221,52
1222,63
1223,54
1224,53
1225,65
1226,55
1227,63
1228,57
1229,58
1230,58
1231,59
1232,59
1233,56
1234,66
1235,68
1236,64
1237,58
1238,62
1239,61
1240,65
1241,62
1242,63
1243,63
1244,62
1245,69
1246,63
1247,64
1248,63
1249,60
1250,60
1251,54
1252,58
1253,51
1254,71
1255,55
1256,60
1257,58
1258,65
1259,63
1260,59
1261,63
1262,58
1263,59
1264,59
1265,64
1266,60
1267,61
1268,62
1269,57
1270,49
1271,64
1272,59
1273,70
1274,59
1275,69
1276,68
1277,60
1278,59
1279,60
1280,66
1281,59
1282,59
1283,65
1284,62
1285,64
1286,71
1287,58
1288,61
1289,55
1290,60
1291,58
1292,59
1293,60
1294,58
1295,61
1296,59
1297,65
1298,52
1299,55
1300,62
1301,59
1302,62
1303,69
1304,56
1305,63
1306,67
1307,62
1308,63
1309,60
1310,62
1311,56
1312,61
1313,58
1314,54
1315,53
1316,63
1317,63
1318,53
1319,54
1320,69
1321,61
1322,57
1323,61
1324,60
1325,66
1326,57
1327,60
1328,50
1329,52
1330,58
1331,70
1332,64
1333,56
1334,56
1335,58
1336,71
1337,59
1338,64
1339,59
1340,53
1341,56
1342,54
1343,56
1344,57
1345,59
1346,57
1347,55
1348,68
1349,61
1350,60
1351,58
1352,63
1353,51
1354,60
1355,66
1356,58
1357,52
1358,57
1359,54
1360,62
1361,57
1362,58
1363,64
1364,69
1365,55
1366,63
1367,59
1368,59
1369,65
1370,63
1371,64
1372,62
1373,68
1374,65
1375,63
1376,63
1377,52
1378,56
1379,56
1380,64
1381,56
1382,67
1383,58
1384,67
1385,54
1386,60
1387,66
1388,60
1389,55
1390,60
1391,62
1392,62
1393,65
1394,67
1395,57
1396,60
1397,62
1398,56
1399,63
1400,63
1401,58
1402,56
1403,55
1404,60
1405,59
1406,54
1407,60
1408,54
1409,68
1410,64
1411,63
1412,55
1413,64
1414,66
1415,65
1416,66
1417,70
1418,59
1419,60
1420,62
1421,60
1422,54
1423,55
1424,63
1425,61
1426,64
1427,55
1428,59
1429,64
1430,65
1431,69
1432,55
1433,54
1434,55
1435,70
1436,50
1437,71
1438,55
1439,55
1440,57
1441,60
1442,57
1443,62
1444,61
1445,67
1446,62
1447,62
1448,54
1449,62
1450,69
1451,57
1452,64
1453,60
1454,53
1455,57
1456,57
1457,56
1458,65
1459,65
1460,61
1461,49
1462,59
1463,61
1464,54
1465,50
1466,61
1467,58
1468,62
1469,53
1470,59
1471,61
1472,64
1473,63
1474,50
1475,52
1476,52
1477,63
1478,63
1479,62
1480,54
1481,66
1482,55
1483,63
1484,56
1485,60
1486,63
1487,58
1488,62
1489,61
1490,61
1491,56
1492,59
1493,59
1494,64
1495,67
1496,62
1497,62
1498,62
1499,53
1500,59
1501,59
1502,67
1503,49
1504,55
1505,57
1506,57
1507,68
1508,60
1509,57
1510,72
1511,59
1512,63
1513,64
1514,52
1515,62
1516,54
1517,57
1518,69
1519,51
1520,63
1521,60
1522,63
1523,55
1524,64
1525,60
1526,60
1527,57
1528,61
1529,66
1530,57
1531,62
1532,53
1533,52
1534,56
1535,54
1536,60
1537,62
1538,65
1539,67
1540,67
1541,63
1542,73
1543,69
1544,56
1545,70
1546,65
1547,65
1548,59
1549,59
1550,55
1551,58
1552,48
1553,60
1554,62
1555,67
1556,63
1557,62
1558,59
1559,61
1560,63
1561,63
1562,62
1563,61
1564,62
1565,68
1566,70
1567,52
1568,54
1569,63
1570,62
1571,65
1572,62
1573,58
1574,60
1575,60
1576,60
1577,56
1578,57
1579,53
1580,65
1581,62
1582,59
1583,62
1584,55
1585,60
1586,61
1587,64
1588,62
1589,56
1590,58
1591,64
1592,62
1593,69
1594,58
1595,53
1596,64
1597,67
1598,59
1599,53
1600,60
1601,66
1602,58
1603,57
1604,65
1605,63
1606,63
1607,57
1608,61
1609,61
1610,62
1611,65
1612,54
1613,61
1614,62
1615,60
1616,63
1617,59
1618,60
1619,57
1620,60
1621,70
1622,63
1623,62
1624,55
1625,58
1626,57
1627,58
1628,61
1629,59
1630,57
1631,54
1632,65
1633,51
1634,51
1635,55
1636,56
1637,55
1638,62
1639,61
1640,60
1641,66
1642,70
1643,54
1644,49
1645,58
1646,69
1647,57
1648,62
1649,51
1650,52
1651,64
1652,62
1653,61
1654,63
1655,60
1656,61
1657,63
1658,60
1659,53
1660,68
1661,58
1662,57
1663,62
1664,55
1665,62
1666,53
1667,61
1668,61
1669,50
1670,59
1671,72
1672,53
1673,62
1674,57
1675,49
1676,66
1677,64
1678,60
1679,62
1680,58
1681,50
1682,60
1683,74
1684,64
1685,57
1686,55
1687,58
1688,60
1689,60
1690,60
1691,63
1692,60
1693,56
1694,60
1695,60
1696,58
1697,62
1698,68
1699,58
1700,57
1701,54
1702,62
1703,60
1704,54
1705,59
1706,59
1707,66
1708,65
1709,49
1710,59
1711,66
1712,57
1713,51
1714,55
1715,61
1716,62
1717,71
1718,71
1719,52
1720,54
1721,65
1722,57
1723,60
1724,61
1725,58
1726,62
1727,51
1728,62
1729,61
1730,64
1731,55
1732,62
1733,62
1734,61
1735,63
1736,62
1737,59
1738,67
1739,62
1740,57
1741,72
1742,67
1743,60
1744,61
1745,70
1746,57
1747,62
1748,67
1749,66
1750,65
1751,55
1752,64
1753,66
1754,62
1755,54
1756,57
1757,64
1758,55
1759,61
1760,65
1761,53
1762,72
1763,62
1764,60
1765,53
1766,65
1767,57
1768,56
1769,67
1770,67
1771,51
1772,64
1773,65
1774,66
1775,58
1776,54
1777,54
1778,57
1779,59
1780,59
1781,61
1782,58
1783,55
1784,61
1785,67
1786,55
1787,52
1788,52
1789,60
1790,56
1791,61
1792,63
1793,62
1794,68
1795,55
1796,54
1797,66
1798,64
1799,67
1800,59
1801,56
1802,55
1803,65
1804,61
1805,64
1806,54
1807,61
1808,59
1809,66
1810,53
1811,69
1812,50
1813,55
1814,55
1815,60
1816,54
1817,55
1818,56
1819,61
1820,68
1821,57
1822,67
1823,62
1824,68
1825,57
1826,53
1827,60
1828,62
1829,62
1830,51
1831,59
1832,52
1833,60
1834,68
1835,53
1836,57
1837,54
1838,56
1839,61
1840,51
1841,56
1842,57
1843,59
1844,55
1845,57
1846,56
1847,54
1848,61
1849,55
1850,53
1851,69
1852,55
1853,55
1854,63
1855,61
1856,63
1857,66
1858,69
1859,63
1860,58
1861,62
1862,61
1863,61
1864,66
1865,53
1866,61
1867,52
1868,62
1869,46
1870,62
1871,66
1872,68
1873,66
1874,66
1875,64
1876,66
1877,60
1878,68
1879,62
1880,61
1881,59
1882,53
1883,57
1884,63
1885,70
1886,62
1887,59
1888,64
1889,64
1890,62
1891,56
1892,56
1893,62
1894,55
1895,50
1896,69
1897,59
1898,62
1899,64
1900,60
1901,56
1902,56
1903,66
1904,59
1905,50
1906,58
1907,60
1908,54
1909,61
1910,53
1911,58
1912,62
1913,64
1914,64
1915,61
1916,63
1917,56
1918,54
1919,62
1920,68
1921,63
1922,54
1923,56
1924,61
1925,64
1926,62
1927,66
1928,63
1929,60
1930,55
1931,61
1932,50
1933,58
1934,59
1935,59
1936,48
1937,61
1938,56
1939,51
1940,57
1941,61
1942,62
1943,58
1944,59
1945,59
1946,60
1947,56
1948,72
1949,52
1950,56
1951,63
1952,61
1953,58
1954,63
1955,70
1956,57
1957,58
1958,69
1959,62
1960,57
1961,59
1962,60
1963,62
1964,59
1965,64
1966,59
1967,57
1968,57
1969,62
1970,54
1971,62
1972,53
1973,56
1974,60
1975,58
1976,55
1977,57
1978,55
1979,65
1980,64
1981,57
1982,52
1983,60
1984,58
1985,58
1986,66
1987,60
1988,61
1989,67
1990,67
1991,64
1992,64
1993,51
1994,57
1995,68
1996,63
1997,59
1998,49
1999,60
