scoring,seed,mean,variance,rms60,lag1
accuracy,1,59.094375,706.026718359375,26.58659201552542,-0.43390904374664807
payoff,1,60.045,273.779225,16.546336452520237,-0.07118635468277407
accuracy,2,59.195625,704.5123558593749,26.554837129984435,-0.455856350935054
payoff,2,60.523125,287.066965234375,16.95112459396131,-0.02846663054317883
accuracy,3,59.009375,689.749287109375,26.281754602765776,-0.4068652181891357
payoff,3,60.1325,278.01369375,16.674269099423817,-0.05436422310279185
accuracy,4,59.23375,694.4566109375,26.36368240591591,-0.4538699353623561
payoff,4,59.87375,289.11406093749997,17.003823099526766,-0.040141533757581255
accuracy,5,59.135625,698.025980859375,26.434317184296628,-0.41750085793733366
payoff,5,60.054375,257.246418359375,16.038995448593404,-0.009603602991467492
accuracy,6,59.170625,721.916512109375,26.88130158679077,-0.45797598485646007
payoff,6,60.025,256.648125,16.020260609615562,-0.0719712924675565
accuracy,7,59.17125,639.4569234374999,25.301062230665334,-0.4284521592264531
payoff,7,59.8525,272.79574375,16.517188017335155,-0.0643077338982722
accuracy,8,59.096875,663.111240234375,25.76677851420313,-0.43970909152236914
payoff,8,60.03375,282.3813609375,16.804240536245604,-0.02813681336132032
accuracy,9,59.05125,723.1686234375,26.90852560063446,-0.39927527373435096
payoff,9,60.14875,282.4453734375,16.80676946947271,-0.046560169472953224
accuracy,10,59.229375,691.635512109375,26.310252279292193,-0.41987088832637653
payoff,10,60.89375,284.3437109375,16.886162974459296,-0.03372296603307589
accuracy,11,59.09875,695.2139984375,26.38230941369614,-0.43124473033633737
payoff,11,60.31375,295.0940609375,17.181167015077875,-0.0343408982409523
accuracy,12,58.9425,659.76169375,25.707586428912382,-0.4382322413613245
payoff,12,60.28,253.0866,15.911159605760982,-0.07682824377110443
accuracy,13,59.12375,689.2471859375,26.26813659169603,-0.4375894829621958
payoff,13,59.883125,286.06821523437503,16.91395503718749,-0.008852951343803112
accuracy,14,59.1575,700.08894375,26.472603763135957,-0.4437160732784479
payoff,14,60.01875,254.6358984375,15.95732590379729,-0.04363109544510477
accuracy,15,58.99875,729.3112484374999,27.02431775272042,-0.42933228082051156
payoff,15,59.92125,285.71129843750003,16.903180174156578,-0.06752459261406091
accuracy,16,59.070625,674.5631371093749,25.988976028308617,-0.4172188249888362
payoff,16,60.264375,288.175730859375,16.97779800209674,-0.0471905926534253
accuracy,17,59.12,675.2443499999999,26.000360574422807,-0.4636044477824954
payoff,17,60.093125,257.896952734375,16.059440370075166,-0.05320276589521398
accuracy,18,59.155,673.152225,25.95893391493572,-0.44140503381775936
payoff,18,60.458125,263.97324648437495,16.253711114696237,-0.062199344188726836
accuracy,19,59.134375,719.902568359375,26.844959955269072,-0.4244010770015496
payoff,19,60.041875,292.060121484375,17.08981787498041,-0.040740701738387924
accuracy,20,59.09625,699.5032359375,26.463559851236948,-0.4365726513662974
payoff,20,59.839375,266.28607460937496,16.31906477099714,-0.07587830962859814
