config,seed,n,rounds,window,mean,fluctuation,central_share,variance,lag1
arthur-random,1,100,2000,full,59.849,0.23674,0.7465,23.65119899999991,-0.005684062803750526
arthur-random,1,100,2000,tail80,59.776875,0.22493125,0.755,22.44334023437497,-0.017894779087445464
arthur-random,1,100,2000,early10,60.43,0.2966,0.67,29.47510000000001,-0.04437387829048925
arthur-random,1,100,2000,late10,59.825,0.23804999999999998,0.74,23.774374999999992,0.01720221351770555
arthur-random,1,100,2000,paper1000_2000,59.853,0.22079000000000001,0.76,22.057390999999953,-0.005702288588890686
arthur-shared,1,100,2000,full,49.785,26.0325,0,2498.9037750000934,0.014189012495088082
arthur-shared,1,100,2000,tail80,49.625,26.075,0,2499.859375,0.021829317742873038
arthur-shared,1,100,2000,early10,52.85,25.325,0,2481.377499999998,-0.07139808936769981
arthur-shared,1,100,2000,late10,50,26,0,2500,0.005
arthur-shared,1,100,2000,paper1000_2000,50.2,25.96,0,2499.9600000000273,0.020984319749116038
arthur-random,2,100,2000,full,60.114,0.22823000000000002,0.758,22.810003999999935,0.015298265708326927
arthur-random,2,100,2000,tail80,60.101875,0.22634374999999998,0.76125,22.623996484375034,0.013704948245632662
arthur-random,2,100,2000,early10,59.97,0.2259,0.75,22.589099999999977,0.017050059541991423
arthur-random,2,100,2000,late10,59.705,0.24205,0.73,24.117974999999998,0.05498243011695641
arthur-random,2,100,2000,paper1000_2000,60.169,0.22863,0.761,22.834438999999985,0.036046448918670745
arthur-shared,2,100,2000,full,50.292,25.93488,0,2499.2427359999647,0.02131724005859016
arthur-shared,2,100,2000,tail80,50.5,25.9,0,2499.75,0.0255274902490249
arthur-shared,2,100,2000,early10,47.92,26.3488,0,2488.9536000000076,0.0017350134610785756
arthur-shared,2,100,2000,late10,51,25.8,0,2499,0.034811924769907965
arthur-shared,2,100,2000,paper1000_2000,49.9,26.02,0,2499.989999999971,0.01899207196828842
arthur-random,3,100,2000,full,59.864,0.24153,0.7385,24.13450399999997,-0.04147245984421311
arthur-random,3,100,2000,tail80,59.818125,0.24196874999999998,0.74,24.163796484374988,-0.04334184354058283
arthur-random,3,100,2000,early10,59.99,0.24,0.725,23.999900000000007,-0.013964662352759795
arthur-random,3,100,2000,late10,59.975,0.27195,0.715,27.194375000000004,-0.05603192296200958
arthur-random,3,100,2000,paper1000_2000,59.847,0.24379,0.737,24.355591000000032,-0.03772232047253541
arthur-shared,3,100,2000,full,49.2425,26.145124999999997,0,2498.7886937499275,0.04814596304112953
arthur-shared,3,100,2000,tail80,49.5625,26.0875,0,2499.80859375,0.05805283431856501
arthur-shared,3,100,2000,early10,46.925,26.55125,0,2484.169375000002,-0.00021024255844065025
arthur-shared,3,100,2000,late10,49.5,26.1,0,2499.75,0.07500700070007
arthur-shared,3,100,2000,paper1000_2000,50.1,25.98,0,2499.989999999971,0.06699226396905676
arthur-random,4,100,2000,full,60.039,0.23781,0.7335,23.77947899999998,-0.018532670984927745
arthur-random,4,100,2000,tail80,60.015,0.23846250000000002,0.730625,23.846024999999962,-0.03785445438495526
arthur-random,4,100,2000,early10,60.37,0.2384,0.75,23.703100000000003,0.00604838607608294
arthur-random,4,100,2000,late10,60.735,0.21075,0.78,20.534775000000018,0.009682301120903382
arthur-random,4,100,2000,paper1000_2000,60.053,0.23183,0.738,23.180191000000004,-0.028975292265710936
arthur-shared,4,100,2000,full,50.5375,25.883125,0,2498.773593750071,0.023153800605059675
arthur-shared,4,100,2000,tail80,50.125,25.975,0,2499.984375,0.02187200779379871
arthur-shared,4,100,2000,early10,55.375,24.83125,0,2461.734375,0.0017185228910003745
arthur-shared,4,100,2000,late10,51,25.8,0,2499,0.024607843137254903
arthur-shared,4,100,2000,paper1000_2000,50.4,25.92,0,2499.8399999999933,0.022953405017921626
arthur-random,5,100,2000,full,59.8185,0.236185,0.736,23.585557749999925,-0.026827125643233956
arthur-random,5,100,2000,tail80,59.79375,0.23670000000000002,0.739375,23.62746093750004,-0.0361046726696787
arthur-random,5,100,2000,early10,59.995,0.23915,0.72,23.914975000000005,-0.0010370123740459914
arthur-random,5,100,2000,late10,59.445,0.25255,0.735,24.946975000000002,-0.03516819674529681
arthur-random,5,100,2000,paper1000_2000,59.708,0.2339,0.751,23.304736,-0.03875526691227036
arthur-shared,5,100,2000,full,49.516,26.08592,0,2498.67774399996,-0.004269424960308278
arthur-shared,5,100,2000,tail80,49.8125,26.0375,0,2499.96484375,0.0006109373022433128
arthur-shared,5,100,2000,early10,50.16,25.8592,0,2489.0943999999945,-0.02192770511234933
arthur-shared,5,100,2000,late10,49.5,26.1,0,2499.75,0.0048999899989999
arthur-shared,5,100,2000,paper1000_2000,50.1,25.98,0,2499.989999999971,0.0029920079680319936
arthur-random,6,100,2000,full,60.0585,0.22503499999999999,0.7525,22.500077749999935,0.05757055834507084
arthur-random,6,100,2000,tail80,60.138125,0.22734375,0.7525,22.715296484375003,0.06470002557257759
arthur-random,6,100,2000,early10,59.67,0.22690000000000002,0.735,22.581100000000003,0.09457048150887237
arthur-random,6,100,2000,late10,59.96,0.23079999999999998,0.76,23.078400000000006,0.16350318912922898
arthur-random,6,100,2000,paper1000_2000,60.158,0.23732,0.745,23.70703600000003,0.07274148636716968
arthur-shared,6,100,2000,full,46.8775,26.612125000000002,0.0005,2489.0124937500814,-0.06611442305586653
arthur-shared,6,100,2000,tail80,46.625,26.675,0,2488.609375,-0.07176105898123325
arthur-shared,6,100,2000,early10,48.775,26.12125,0.005,2486.12437499999,-0.020104586732512128
arthur-shared,6,100,2000,late10,46.5,26.7,0,2487.75,-0.08966385287910762
arthur-shared,6,100,2000,paper1000_2000,46.6,26.68,0,2488.4400000000433,-0.07196137339055739
arthur-random,7,100,2000,full,59.808,0.24225000000000002,0.73,24.188136000000345,0.02184565061152246
arthur-random,7,100,2000,tail80,59.826875,0.24133125,0.731875,24.103152734374984,0.02108612970406785
arthur-random,7,100,2000,early10,60.04,0.2664,0.705,26.638399999999997,0.08232446393176765
arthur-random,7,100,2000,late10,60.41,0.2462,0.73,24.451899999999995,0.003629963315734111
arthur-random,7,100,2000,paper1000_2000,59.762,0.2443,0.742,24.37335599999998,0.018504360088942993
arthur-shared,7,100,2000,full,50.7845,25.832404999999998,0,2498.315059750046,-0.004428457762741967
arthur-shared,7,100,2000,tail80,50.4375,25.9125,0,2499.80859375,-0.0031909171561572683
arthur-shared,7,100,2000,early10,51.345,25.62405,0,2487.49597500001,-0.012774511172827005
arthur-shared,7,100,2000,late10,51,25.8,0,2499,0.014803921568627452
arthur-shared,7,100,2000,paper1000_2000,49.9,26.02,0,2499.989999999971,0.002992007968031942
arthur-random,8,100,2000,full,59.8385,0.23715499999999998,0.7365,23.689417749999937,-0.034217611411112056
arthur-random,8,100,2000,tail80,59.851875,0.23700624999999997,0.731875,23.678683984374985,-0.02825095153941774
arthur-random,8,100,2000,early10,59.885,0.23135000000000003,0.76,23.121775000000024,-0.037063163403328624
arthur-random,8,100,2000,late10,59.52,0.2852,0.72,28.28960000000003,-0.00683473785419376
arthur-random,8,100,2000,paper1000_2000,59.976,0.2468,0.727,24.67942400000001,-0.05055906393925564
arthur-shared,8,100,2000,full,50.324,25.922719999999998,0,2498.647023999967,0.019945413270986416
arthur-shared,8,100,2000,tail80,50.6875,25.8625,0,2499.52734375,0.02043968371363961
arthur-shared,8,100,2000,early10,49.24,26.027199999999997,0,2486.9424000000067,-0.00035500942844509965
arthur-shared,8,100,2000,late10,50.5,25.9,0,2499.75,0.0048999899989999
arthur-shared,8,100,2000,paper1000_2000,50.2,25.96,0,2499.9600000000273,0.014976223619577934
arthur-random,9,100,2000,full,59.95,0.24239999999999998,0.732,24.23749999999991,0.022179422382671687
arthur-random,9,100,2000,tail80,59.940625,0.24214375,0.72875,24.210849609374986,0.03927820582399656
arthur-random,9,100,2000,early10,60.285,0.22235,0.77,22.153774999999996,-0.08986757900177275
arthur-random,9,100,2000,late10,59.555,0.24864999999999998,0.705,24.666974999999997,0.05810237676083099
arthur-random,9,100,2000,paper1000_2000,60.033,0.24176999999999998,0.735,24.175910999999935,0.05050518720887091
arthur-shared,9,100,2000,full,49.087,26.17298,0,2498.2044310000088,0.045445533522672624
arthur-shared,9,100,2000,tail80,49.625,26.075,0,2499.859375,0.05807198139270334
arthur-shared,9,100,2000,early10,46.37,26.6298,0,2477.203100000008,-0.028494185438408186
arthur-shared,9,100,2000,late10,50.5,25.9,0,2499.75,0.07500700070007
arthur-shared,9,100,2000,paper1000_2000,49.9,26.02,0,2499.989999999971,0.0669922639690568
arthur-random,10,100,2000,full,59.9525,0.24384499999999998,0.735,24.382243749999994,-0.026484739663264333
arthur-random,10,100,2000,tail80,59.913125,0.24605625,0.72875,24.59807773437511,-0.04433884761010665
arthur-random,10,100,2000,early10,60.05,0.24170000000000003,0.775,24.167500000000018,0.05667683872969905
arthur-random,10,100,2000,late10,59.88,0.24109999999999998,0.775,24.09559999999999,0.015377413303673676
arthur-random,10,100,2000,paper1000_2000,59.972,0.24534,0.733,24.533215999999943,-0.009690078300374484
arthur-shared,10,100,2000,full,49.3775,26.112125000000002,0.0005,2498.3749937499806,0.02490426033022587
arthur-shared,10,100,2000,tail80,50.125,25.975,0,2499.984375,0.02437202341889637
arthur-shared,10,100,2000,early10,49.275,26.02125,0.005,2487.099375000006,0.04056326533997058
arthur-shared,10,100,2000,late10,49,26.2,0,2499,0.024607843137254903
arthur-shared,10,100,2000,paper1000_2000,49.7,26.06,0,2499.9100000000067,0.020964718729873884
arthur-random,11,100,2000,full,59.9925,0.23630500000000002,0.736,23.63044374999996,-0.0192979354492656
arthur-random,11,100,2000,tail80,59.981875,0.22795625,0.745,22.795296484374976,-0.015559396866822173
arthur-random,11,100,2000,early10,59.675,0.28815,0.665,28.709374999999987,-0.07318700337433341
arthur-random,11,100,2000,late10,60.115,0.25265,0.69,25.251775,-0.09469299187878874
arthur-random,11,100,2000,paper1000_2000,60.056,0.22606,0.748,22.602864000000046,-0.03295454664506209
arthur-shared,11,100,2000,full,50.2235,25.942845000000002,0,2498.7045477500023,0.02496504641977236
arthur-shared,11,100,2000,tail80,50,26,0,2500,0.023125
arthur-shared,11,100,2000,early10,52.235,25.428449999999998,0,2482.549775000008,0.057858869667577806
arthur-shared,11,100,2000,late10,51,25.8,0,2499,0.034811924769907965
arthur-shared,11,100,2000,paper1000_2000,49.9,26.02,0,2499.989999999971,0.024996095984384674
arthur-random,12,100,2000,full,59.9945,0.239365,0.729,23.936469749999986,0.057422836334292675
arthur-random,12,100,2000,tail80,60.076875,0.23553125000000003,0.731875,23.547215234374995,0.04067933166352197
arthur-random,12,100,2000,early10,59.505,0.26594999999999996,0.705,26.349975000000008,0.13135211228853144
arthur-random,12,100,2000,late10,59.395,0.22774999999999998,0.705,22.408975000000005,0.001533754890618613
arthur-random,12,100,2000,paper1000_2000,59.889,0.22644999999999998,0.735,22.63267899999994,0.023927997167281924
arthur-shared,12,100,2000,full,50.222,25.94328,0,2498.7187160000585,0.06807712059335183
arthur-shared,12,100,2000,tail80,50.1875,25.9625,0,2499.96484375,0.06936659167863297
arthur-shared,12,100,2000,early10,52.22,25.4328,0,2482.75159999999,0.07936168805610717
arthur-shared,12,100,2000,late10,51,25.8,0,2499,0.07482793117246898
arthur-shared,12,100,2000,paper1000_2000,50.3,25.94,0,2499.9100000000067,0.07097851922669084
arthur-random,13,100,2000,full,60.0575,0.24546500000000002,0.741,24.543193749999986,-0.03207448921047617
arthur-random,13,100,2000,tail80,60.09375,0.251525,0.733125,25.1437109375,-0.047868022143024706
arthur-random,13,100,2000,early10,59.67,0.2,0.795,19.891099999999998,-0.055946855628899346
arthur-random,13,100,2000,late10,60.38,0.2651,0.7,26.3656,-0.03896069120368968
arthur-random,13,100,2000,paper1000_2000,59.994,0.24272,0.744,24.271964000000033,-0.06583431138905738
arthur-shared,13,100,2000,full,49.5235,26.082845000000002,0,2498.527447749981,0.020886957444021956
arthur-shared,13,100,2000,tail80,50.0625,25.9875,0,2499.99609375,0.02187503320317688
arthur-shared,13,100,2000,early10,51.235,25.628449999999997,0,2486.0197749999934,0.019062549039860266
arthur-shared,13,100,2000,late10,50,26,0,2500,0.005
arthur-shared,13,100,2000,paper1000_2000,49.8,26.04,0,2499.9600000000273,0.016984255748091984
arthur-random,14,100,2000,full,60.065,0.23994,0.7365,23.989774999999966,0.003018072803934282
arthur-random,14,100,2000,tail80,60.07125,0.239,0.7375,23.89492343749998,-0.0023125355683225692
arthur-random,14,100,2000,early10,60.03,0.243,0.71,24.299100000000003,0.04545623088920991
arthur-random,14,100,2000,late10,60.065,0.20325,0.78,20.320774999999973,0.007862833725583787
arthur-random,14,100,2000,paper1000_2000,60.089,0.23409,0.746,23.401079000000106,-0.002565647549841566
arthur-shared,14,100,2000,full,50.471,25.893620000000002,0,2498.560159000018,0.05686792794149258
arthur-shared,14,100,2000,tail80,50.125,25.975,0,2499.984375,0.06687228904555653
arthur-shared,14,100,2000,early10,49.71,25.9362,0,2487.7358999999924,0.01929448359048088
arthur-shared,14,100,2000,late10,49.5,26.1,0,2499.75,0.0849079907990799
arthur-shared,14,100,2000,paper1000_2000,50.2,25.96,0,2499.9600000000273,0.06699305588889323
arthur-random,15,100,2000,full,60.0355,0.23769500000000002,0.744,23.768239749999992,-0.008714102613551874
arthur-random,15,100,2000,tail80,60.064375,0.23924375,0.739375,23.92023085937498,-0.0054656700788760434
arthur-random,15,100,2000,early10,60.34,0.1783,0.815,17.714400000000012,-0.038154157069954446
arthur-random,15,100,2000,late10,59.91,0.2241,0.78,22.401899999999998,0.00032628928796229524
arthur-random,15,100,2000,paper1000_2000,60.029,0.24381,0.729,24.380158999999917,-0.004873341515123079
arthur-shared,15,100,2000,full,49.4225,26.103125,0,2498.4289937499148,-0.0011894141320640125
arthur-shared,15,100,2000,tail80,50.0625,25.9875,0,2499.99609375,0.0006234374975585899
arthur-shared,15,100,2000,early10,44.225,27.03125,0,2454.274375000008,-0.02488179551033287
arthur-shared,15,100,2000,late10,50.5,25.9,0,2499.75,0.0048999899989999
arthur-shared,15,100,2000,paper1000_2000,49.9,26.02,0,2499.989999999971,0.0029920079680319936
arthur-random,16,100,2000,full,60.021,0.23603000000000002,0.743,23.602558999999978,-0.01889287600128438
arthur-random,16,100,2000,tail80,60.020625,0.23946874999999998,0.74125,23.946449609375062,-0.011685508386787712
arthur-random,16,100,2000,early10,59.995,0.23045000000000002,0.72,23.044974999999994,0.011711875365453846
arthur-random,16,100,2000,late10,60.085,0.21844999999999998,0.755,21.837775000000008,-0.043586680648555046
arthur-random,16,100,2000,paper1000_2000,60.055,0.23013000000000003,0.751,23.009975000000004,-0.012073373612965734
arthur-shared,16,100,2000,full,50.3355,25.922604999999997,0,2498.8579397500203,0.022753401790244095
arthur-shared,16,100,2000,tail80,50.5625,25.8875,0,2499.68359375,0.0255015859429084
arthur-shared,16,100,2000,early10,48.855,26.12605,0,2488.3939750000022,0.017290648228241216
arthur-shared,16,100,2000,late10,49.5,26.1,0,2499.75,0.01500100010001
arthur-shared,16,100,2000,paper1000_2000,49.9,26.02,0,2499.989999999971,0.023000088000352702
arthur-random,17,100,2000,full,59.9185,0.243205,0.7325,24.31385775000019,-0.0009275809440399541
arthur-random,17,100,2000,tail80,59.866875,0.24763125,0.72625,24.745402734374988,0.0008172547766172008
arthur-random,17,100,2000,early10,60.23,0.2325,0.78,23.197099999999995,0.035807730276629396
arthur-random,17,100,2000,late10,60.035,0.24945,0.71,24.94377500000002,0.06287115222134562
arthur-random,17,100,2000,paper1000_2000,59.845,0.25637,0.71,25.61297500000002,-0.0017972931687942895
arthur-shared,17,100,2000,full,50.054,25.965169999999997,0.0005,2497.5940840000762,0.06650051127443196
arthur-shared,17,100,2000,tail80,50.125,25.975,0,2499.984375,0.06687228904555653
arthur-shared,17,100,2000,early10,50.54,25.6517,0.005,2475.6783999999975,0.06495271841447603
arthur-shared,17,100,2000,late10,50,26,0,2500,0.065
arthur-shared,17,100,2000,paper1000_2000,50.2,25.96,0,2499.9600000000273,0.06699305588889329
arthur-random,18,100,2000,full,60.137,0.23889,0.7405,23.870230999999762,0.02841487438894078
arthur-random,18,100,2000,tail80,60.04375,0.2375375,0.74,23.751835937500005,0.013411412892424432
arthur-random,18,100,2000,early10,60.485,0.23485,0.74,23.249775000000017,0.08004481226162397
arthur-random,18,100,2000,late10,59.785,0.21184999999999998,0.76,21.138775000000013,-0.08937632975420737
arthur-random,18,100,2000,paper1000_2000,59.858,0.23774,0.739,23.753836000000014,0.0021332906398781135
arthur-shared,18,100,2000,full,49.654,26.04472,0.0005,2497.4322840000473,0.05548784847132817
arthur-shared,18,100,2000,tail80,49.875,26.025,0,2499.984375,0.06687228904555653
arthur-shared,18,100,2000,early10,49.04,25.9472,0.005,2474.598400000001,-0.005590486116858392
arthur-shared,18,100,2000,late10,50,26,0,2500,0.065
arthur-shared,18,100,2000,paper1000_2000,49.8,26.04,0,2499.9600000000273,0.06699305588889329
arthur-random,19,100,2000,full,60.0525,0.251155,0.7275,25.112743750000085,0.00342475010819944
arthur-random,19,100,2000,tail80,60.0125,0.2554625,0.723125,25.546093749999923,0.01249762607419188
arthur-random,19,100,2000,early10,60.23,0.2361,0.77,23.557099999999988,-0.0253942335856281
arthur-random,19,100,2000,late10,59.895,0.28265,0.69,28.253974999999972,0.07058103771239287
arthur-random,19,100,2000,paper1000_2000,60.083,0.25245,0.725,25.238110999999993,0.035753591502945506
arthur-shared,19,100,2000,full,49.916,25.9958,0,2497.8929440000175,0.02157813232207104
arthur-shared,19,100,2000,tail80,50,26,0,2500,0.018125
arthur-shared,19,100,2000,early10,49.16,25.958000000000002,0,2478.2943999999907,0.03568715322925349
arthur-shared,19,100,2000,late10,49.5,26.1,0,2499.75,0.01500100010001
arthur-shared,19,100,2000,paper1000_2000,49.8,26.04,0,2499.9600000000273,0.02098431974911603
arthur-random,20,100,2000,full,60.166,0.24381,0.739,24.35344400000001,-0.0006222847988155644
arthur-random,20,100,2000,tail80,60.20875,0.23726250000000002,0.744375,23.682673437499957,0.00030979725189388645
arthur-random,20,100,2000,early10,59.925,0.28554999999999997,0.685,28.549374999999987,-0.06841754416690389
arthur-random,20,100,2000,late10,59.95,0.2091,0.76,20.90750000000001,0.09076826497668304
arthur-random,20,100,2000,paper1000_2000,60.306,0.23070000000000002,0.744,22.976364000000043,0.0279330691313908
arthur-shared,20,100,2000,full,49.7785,26.032044999999997,0.0005,2498.725437749947,-0.005090324986877459
arthur-shared,20,100,2000,tail80,49.9375,26.0125,0,2499.99609375,-0.0018765664086975136
arthur-shared,20,100,2000,early10,50.785,25.72045,0.005,2487.128775000004,-0.011072237755361081
arthur-shared,20,100,2000,late10,50,26,0,2500,-0.015
arthur-shared,20,100,2000,paper1000_2000,49.9,26.02,0,2499.989999999971,-0.003004016016064038
