config,seed,n,rounds,window,mean,fluctuation,central_share
fig4-native-rounded,1,1001,5000,full,497.006,0.2682157842157842,0.9978
fig4-native-rounded,1,1001,5000,tail80,496.62675,0.27336213786213787,0.99725
fig4-native-rounded,1,1001,5000,early10,498.036,0.24122877122877123,1
fig4-native-rounded,1,1001,5000,late10,497.92,0.249028971028971,0.998
fig4-native-rounded,1,1001,5000,paper1000_2000,497.112,0.26908691308691307,0.999
fig4-independent-rounded-redraw,1,1001,5000,full,496.5598,0.272433966033966,0.9978
fig4-independent-rounded-redraw,1,1001,5000,tail80,496.6775,0.27020029970029974,0.9975
fig4-independent-rounded-redraw,1,1001,5000,early10,495.02,0.30666733266733265,0.998
fig4-independent-rounded-redraw,1,1001,5000,late10,496.47,0.2541678321678322,0.998
fig4-independent-rounded-redraw,1,1001,5000,paper1000_2000,496.971,0.2763376623376623,0.998
fig4-independent-rounded-retain,1,1001,5000,full,503.3268,0.26462257742257744,1
fig4-independent-rounded-retain,1,1001,5000,tail80,503.3305,0.26460389610389606,1
fig4-independent-rounded-retain,1,1001,5000,early10,503.268,0.26435764235764236,1
fig4-independent-rounded-retain,1,1001,5000,late10,503.288,0.2638821178821179,1
fig4-independent-rounded-retain,1,1001,5000,paper1000_2000,503.322,0.26445954045954045,1
fig4-native-exact,1,1001,5000,full,496.137,22.003476923076924,0.7032
fig4-native-exact,1,1001,5000,tail80,496.25375,21.9889035964036,0.706
fig4-native-exact,1,1001,5000,early10,496.388,21.26185214785215,0.684
fig4-native-exact,1,1001,5000,late10,500.526,21.355674325674325,0.712
fig4-native-exact,1,1001,5000,paper1000_2000,495.26,22.49558041958042,0.713
fig4-independent-exact-redraw,1,1001,5000,full,502.9322,21.648982617382618,0.716
fig4-independent-exact-redraw,1,1001,5000,tail80,502.615,21.600081418581418,0.717
fig4-independent-exact-redraw,1,1001,5000,early10,502.952,20.074847152847152,0.718
fig4-independent-exact-redraw,1,1001,5000,late10,505.86,20.29437162837163,0.734
fig4-independent-exact-redraw,1,1001,5000,paper1000_2000,504.144,21.92595804195804,0.723
fig4-independent-exact-retain,1,1001,5000,full,502.8856,21.755950449550447,0.703
fig4-independent-exact-retain,1,1001,5000,tail80,502.98275,22.01333166833167,0.7025
fig4-independent-exact-retain,1,1001,5000,early10,502.082,19.83262937062937,0.738
fig4-independent-exact-retain,1,1001,5000,late10,499.364,23.053748251748253,0.702
fig4-independent-exact-retain,1,1001,5000,paper1000_2000,506.402,21.645794205794203,0.709
fig4-native-rounded,2,1001,5000,full,501.389,0.24097542457542456,0.999
fig4-native-rounded,2,1001,5000,tail80,501.40625,0.2397722277722278,0.99875
fig4-native-rounded,2,1001,5000,early10,501.468,0.2425994005994006,1
fig4-native-rounded,2,1001,5000,late10,501.874,0.24425774225774227,0.998
fig4-native-rounded,2,1001,5000,paper1000_2000,500.903,0.23212787212787214,0.999
fig4-independent-rounded-redraw,2,1001,5000,full,499.6902,0.2470921078921079,0.9994
fig4-independent-rounded-redraw,2,1001,5000,tail80,499.52575,0.2515859140859141,0.99925
fig4-independent-rounded-redraw,2,1001,5000,early10,501.656,0.218,1
fig4-independent-rounded-redraw,2,1001,5000,late10,500.69,0.27796803196803194,1
fig4-independent-rounded-redraw,2,1001,5000,paper1000_2000,498.963,0.2349350649350649,1
fig4-independent-rounded-retain,2,1001,5000,full,505.0018,0.020278921078921076,1
fig4-independent-rounded-retain,2,1001,5000,tail80,505,0.020229770229770228,1
fig4-independent-rounded-retain,2,1001,5000,early10,505.018,0.020721278721278723,1
fig4-independent-rounded-retain,2,1001,5000,late10,505,0.020229770229770228,1
fig4-independent-rounded-retain,2,1001,5000,paper1000_2000,505,0.020229770229770228,1
fig4-native-exact,2,1001,5000,full,500.3496,21.790843956043958,0.719
fig4-native-exact,2,1001,5000,tail80,500.38475,21.821094405594405,0.716
fig4-native-exact,2,1001,5000,early10,500.944,21.806467532467533,0.734
fig4-native-exact,2,1001,5000,late10,499.426,21.805016983016984,0.748
fig4-native-exact,2,1001,5000,paper1000_2000,500.963,22.327768231768232,0.703
fig4-independent-exact-redraw,2,1001,5000,full,499.1974,22.004581018981018,0.7132
fig4-independent-exact-redraw,2,1001,5000,tail80,499.74025,22.277775724275727,0.71125
fig4-independent-exact-redraw,2,1001,5000,early10,496.784,20.24822977022977,0.726
fig4-independent-exact-redraw,2,1001,5000,late10,509.97,24.50744255744256,0.72
fig4-independent-exact-redraw,2,1001,5000,paper1000_2000,500.408,21.65848151848152,0.705
fig4-independent-exact-retain,2,1001,5000,full,500.414,21.227581218781218,0.7078
fig4-independent-exact-retain,2,1001,5000,tail80,500.7305,21.448650349650347,0.7045
fig4-independent-exact-retain,2,1001,5000,early10,498.374,20.404857142857143,0.732
fig4-independent-exact-retain,2,1001,5000,late10,508.518,20.602395604395603,0.686
fig4-independent-exact-retain,2,1001,5000,paper1000_2000,496.749,20.59402797202797,0.726
fig4-native-rounded,3,1001,5000,full,499.333,0.24986493506493507,0.9986
fig4-native-rounded,3,1001,5000,tail80,499.24275,0.2491793206793207,0.99875
fig4-native-rounded,3,1001,5000,early10,499.844,0.26177222777222775,0.998
fig4-native-rounded,3,1001,5000,late10,499.77,0.24247152847152847,0.998
fig4-native-rounded,3,1001,5000,paper1000_2000,499.441,0.26194405594405595,0.999
fig4-independent-rounded-redraw,3,1001,5000,full,501.9964,0.2305914085914086,0.999
fig4-independent-rounded-redraw,3,1001,5000,tail80,501.85325,0.23185814185814185,0.99875
fig4-independent-rounded-redraw,3,1001,5000,early10,503.462,0.23817982017982017,1
fig4-independent-rounded-redraw,3,1001,5000,late10,500.716,0.2292727272727273,0.998
fig4-independent-rounded-redraw,3,1001,5000,paper1000_2000,501.95,0.22437562437562436,0.999
fig4-independent-rounded-retain,3,1001,5000,full,503.2852,0.25207712287712286,1
fig4-independent-rounded-retain,3,1001,5000,tail80,503.283,0.2519075924075924,1
fig4-independent-rounded-retain,3,1001,5000,early10,503.246,0.2527052947052947,1
fig4-independent-rounded-retain,3,1001,5000,late10,503.264,0.2512747252747253,1
fig4-independent-rounded-retain,3,1001,5000,paper1000_2000,503.263,0.2516003996003996,1
fig4-native-exact,3,1001,5000,full,499.4078,21.12521838161838,0.7102
fig4-native-exact,3,1001,5000,tail80,498.18875,21.30260839160839,0.7085
fig4-native-exact,3,1001,5000,early10,507.248,20.433660339660342,0.726
fig4-native-exact,3,1001,5000,late10,501.924,20.83069130869131,0.684
fig4-native-exact,3,1001,5000,paper1000_2000,503.239,20.652735264735263,0.723
fig4-independent-exact-redraw,3,1001,5000,full,500.5884,22.084826773226773,0.7192
fig4-independent-exact-redraw,3,1001,5000,tail80,500.41025,22.486194805194806,0.724
fig4-independent-exact-redraw,3,1001,5000,early10,500.81,20.226299700299702,0.686
fig4-independent-exact-redraw,3,1001,5000,late10,501.07,22.313652347652347,0.734
fig4-independent-exact-redraw,3,1001,5000,paper1000_2000,499.903,22.788295704295702,0.692
fig4-independent-exact-retain,3,1001,5000,full,501.0488,21.95754965034965,0.7096
fig4-independent-exact-retain,3,1001,5000,tail80,500.74175,22.323856643356642,0.7135
fig4-independent-exact-retain,3,1001,5000,early10,501.252,19.952557442557442,0.672
fig4-independent-exact-retain,3,1001,5000,late10,500.052,22.965600399600397,0.746
fig4-independent-exact-retain,3,1001,5000,paper1000_2000,504.562,21.68599200799201,0.695
fig4-native-rounded,4,1001,5000,full,503.038,0.2548035964035964,0.997
fig4-native-rounded,4,1001,5000,tail80,503.11025,0.2522977022977023,0.9975
fig4-native-rounded,4,1001,5000,early10,501.882,0.2585794205794206,0.994
fig4-native-rounded,4,1001,5000,late10,503.088,0.2566333666333666,0.998
fig4-native-rounded,4,1001,5000,paper1000_2000,502.827,0.24426973026973028,0.997
fig4-independent-rounded-redraw,4,1001,5000,full,500.2366,0.23455704295704294,0.9994
fig4-independent-rounded-redraw,4,1001,5000,tail80,500.3885,0.23496153846153844,0.9995
fig4-independent-rounded-redraw,4,1001,5000,early10,499.232,0.25406793206793205,0.998
fig4-independent-rounded-redraw,4,1001,5000,late10,500.446,0.24859340659340662,0.998
fig4-independent-rounded-redraw,4,1001,5000,paper1000_2000,500.289,0.2268991008991009,1
fig4-independent-rounded-retain,4,1001,5000,full,510.9962,0.24737422577422577,1
fig4-independent-rounded-retain,4,1001,5000,tail80,510.9945,0.2472207792207792,1
fig4-independent-rounded-retain,4,1001,5000,early10,510.962,0.24771828171828172,1
fig4-independent-rounded-retain,4,1001,5000,late10,510.994,0.2471108891108891,1
fig4-independent-rounded-retain,4,1001,5000,paper1000_2000,510.978,0.2468751248751249,1
fig4-native-exact,4,1001,5000,full,500.4762,20.722022777222776,0.7576
fig4-native-exact,4,1001,5000,tail80,500.559,20.978457542457544,0.7595
fig4-native-exact,4,1001,5000,early10,499.678,17.939058941058942,0.764
fig4-native-exact,4,1001,5000,late10,499.812,21.75261738261738,0.768
fig4-native-exact,4,1001,5000,paper1000_2000,500.475,21.948543456543455,0.728
fig4-independent-exact-redraw,4,1001,5000,full,499.9106,21.389216383616382,0.6958
fig4-independent-exact-redraw,4,1001,5000,tail80,499.91825,21.376468531468532,0.6975
fig4-independent-exact-redraw,4,1001,5000,early10,501.922,20.63921878121878,0.708
fig4-independent-exact-redraw,4,1001,5000,late10,495.874,21.794595404595405,0.696
fig4-independent-exact-redraw,4,1001,5000,paper1000_2000,497.121,20.41057142857143,0.704
fig4-independent-exact-retain,4,1001,5000,full,500.931,22.150561038961037,0.7166
fig4-independent-exact-retain,4,1001,5000,tail80,500.834,22.438755244755246,0.722
fig4-independent-exact-retain,4,1001,5000,early10,501.76,19.871730269730268,0.716
fig4-independent-exact-retain,4,1001,5000,late10,500.492,24.675718281718282,0.738
fig4-independent-exact-retain,4,1001,5000,paper1000_2000,501.148,21.926485514485513,0.722
fig4-native-rounded,5,1001,5000,full,498.9934,0.24936263736263736,0.9978
fig4-native-rounded,5,1001,5000,tail80,499.09175,0.24976373626373627,0.99775
fig4-native-rounded,5,1001,5000,early10,498.996,0.2515344655344655,0.998
fig4-native-rounded,5,1001,5000,late10,497.844,0.25947852147852146,0.998
fig4-native-rounded,5,1001,5000,paper1000_2000,499.065,0.24512687312687315,0.999
fig4-independent-rounded-redraw,5,1001,5000,full,499.4058,0.24194325674325676,0.9988
fig4-independent-rounded-redraw,5,1001,5000,tail80,499.3395,0.2416213786213786,0.9985
fig4-independent-rounded-redraw,5,1001,5000,early10,499.876,0.2538081918081918,1
fig4-independent-rounded-redraw,5,1001,5000,late10,498.304,0.26410589410589413,0.998
fig4-independent-rounded-redraw,5,1001,5000,paper1000_2000,499.149,0.22924475524475524,1
fig4-independent-rounded-retain,5,1001,5000,full,489.0034,0.1321114885114885,1
fig4-independent-rounded-retain,5,1001,5000,tail80,489,0.1321178821178821,1
fig4-independent-rounded-retain,5,1001,5000,early10,489.034,0.13205394605394605,1
fig4-independent-rounded-retain,5,1001,5000,late10,489,0.1321178821178821,1
fig4-independent-rounded-retain,5,1001,5000,paper1000_2000,489,0.1321178821178821,1
fig4-native-exact,5,1001,5000,full,501.3504,21.13912887112887,0.7186
fig4-native-exact,5,1001,5000,tail80,501.44625,21.53484865134865,0.71325
fig4-native-exact,5,1001,5000,early10,500.872,19.623922077922078,0.74
fig4-native-exact,5,1001,5000,late10,500.32,21.04417382617383,0.706
fig4-native-exact,5,1001,5000,paper1000_2000,502.067,22.139806193806194,0.717
fig4-independent-exact-redraw,5,1001,5000,full,502.2268,22.04853986013986,0.7234
fig4-independent-exact-redraw,5,1001,5000,tail80,501.537,21.940581918081918,0.73025
fig4-independent-exact-redraw,5,1001,5000,early10,504.542,19.868477522477523,0.706
fig4-independent-exact-redraw,5,1001,5000,late10,501.034,23.30115284715285,0.712
fig4-independent-exact-redraw,5,1001,5000,paper1000_2000,503.517,21.92258941058941,0.712
fig4-independent-exact-retain,5,1001,5000,full,500.7678,21.937975224775222,0.6986
fig4-independent-exact-retain,5,1001,5000,tail80,500.8705,21.50448851148851,0.69575
fig4-independent-exact-retain,5,1001,5000,early10,500.808,23.67736863136863,0.696
fig4-independent-exact-retain,5,1001,5000,late10,499.99,20.331022977022975,0.724
fig4-independent-exact-retain,5,1001,5000,paper1000_2000,501.594,22.071104895104895,0.671
fig4-native-rounded,6,1001,5000,full,498.255,0.24978421578421578,0.9986
fig4-native-rounded,6,1001,5000,tail80,498.35025,0.24222527472527472,0.99825
fig4-native-rounded,6,1001,5000,early10,498.212,0.28926873126873126,1
fig4-native-rounded,6,1001,5000,late10,497.486,0.2509070929070929,0.994
fig4-native-rounded,6,1001,5000,paper1000_2000,498.023,0.2525674325674326,0.999
fig4-independent-rounded-redraw,6,1001,5000,full,499.9702,0.24153966033966034,0.9986
fig4-independent-rounded-redraw,6,1001,5000,tail80,500.0045,0.23386013986013984,0.999
fig4-independent-rounded-redraw,6,1001,5000,early10,499.724,0.25376823176823177,1
fig4-independent-rounded-redraw,6,1001,5000,late10,499.318,0.2244135864135864,1
fig4-independent-rounded-redraw,6,1001,5000,paper1000_2000,499.66,0.22674725274725274,0.999
fig4-independent-rounded-retain,6,1001,5000,full,486.6724,0.6253886113886113,1
fig4-independent-rounded-retain,6,1001,5000,tail80,486.67175,0.6254785214785216,1
fig4-independent-rounded-retain,6,1001,5000,early10,486.724,0.6232667332667332,1
fig4-independent-rounded-retain,6,1001,5000,late10,486.724,0.6232667332667332,1
fig4-independent-rounded-retain,6,1001,5000,paper1000_2000,486.687,0.6250409590409591,1
fig4-native-exact,6,1001,5000,full,499.4936,21.80429370629371,0.7172
fig4-native-exact,6,1001,5000,tail80,498.884,22.049878121878123,0.723
fig4-native-exact,6,1001,5000,early10,499.934,21.329072927072925,0.688
fig4-native-exact,6,1001,5000,late10,500.088,21.047214785214784,0.736
fig4-native-exact,6,1001,5000,paper1000_2000,497.884,22.306437562437562,0.718
fig4-independent-exact-redraw,6,1001,5000,full,500.5004,22.11674965034965,0.725
fig4-independent-exact-redraw,6,1001,5000,tail80,500.4865,22.153725274725275,0.728
fig4-independent-exact-redraw,6,1001,5000,early10,501.032,21.363310689310687,0.708
fig4-independent-exact-redraw,6,1001,5000,late10,500.114,23.1247012987013,0.722
fig4-independent-exact-redraw,6,1001,5000,paper1000_2000,500.192,21.833382617382618,0.73
fig4-independent-exact-retain,6,1001,5000,full,507.436,24.29845874125874,0.7052
fig4-independent-exact-retain,6,1001,5000,tail80,507.79775,24.78809140859141,0.70075
fig4-independent-exact-retain,6,1001,5000,early10,506.08,23.254415584415582,0.718
fig4-independent-exact-retain,6,1001,5000,late10,509.252,27.225012987012988,0.706
fig4-independent-exact-retain,6,1001,5000,paper1000_2000,507.724,24.459160839160837,0.706
fig4-native-rounded,7,1001,5000,full,499.9086,0.25466853146853147,0.998
fig4-native-rounded,7,1001,5000,tail80,499.834,0.25876123876123874,0.998
fig4-native-rounded,7,1001,5000,early10,500.71,0.238011988011988,0.998
fig4-native-rounded,7,1001,5000,late10,499.102,0.2628391608391608,0.998
fig4-native-rounded,7,1001,5000,paper1000_2000,499.448,0.27074125874125876,0.997
fig4-independent-rounded-redraw,7,1001,5000,full,501.1934,0.25365474525474524,0.9984
fig4-independent-rounded-redraw,7,1001,5000,tail80,501.06825,0.2539715284715285,0.99825
fig4-independent-rounded-redraw,7,1001,5000,early10,501.802,0.24639960039960038,1
fig4-independent-rounded-redraw,7,1001,5000,late10,500.918,0.26924075924075924,0.998
fig4-independent-rounded-redraw,7,1001,5000,paper1000_2000,500.514,0.24975824175824177,0.997
fig4-independent-rounded-retain,7,1001,5000,full,499.9896,0.6279328671328671,1
fig4-independent-rounded-retain,7,1001,5000,tail80,499.98925,0.6280339660339661,1
fig4-independent-rounded-retain,7,1001,5000,early10,499.896,0.6267312687312687,1
fig4-independent-rounded-retain,7,1001,5000,late10,499.896,0.6267312687312687,1
fig4-independent-rounded-retain,7,1001,5000,paper1000_2000,499.966,0.6286273726273726,1
fig4-native-exact,7,1001,5000,full,501.6326,22.806883516483516,0.712
fig4-native-exact,7,1001,5000,tail80,502.53475,23.08950899100899,0.71075
fig4-native-exact,7,1001,5000,early10,497.334,21.500945054945056,0.72
fig4-native-exact,7,1001,5000,late10,503.332,22.71404395604396,0.682
fig4-native-exact,7,1001,5000,paper1000_2000,501.353,21.382311688311688,0.747
fig4-independent-exact-redraw,7,1001,5000,full,500.1264,21.616002397602397,0.7292
fig4-independent-exact-redraw,7,1001,5000,tail80,500.24925,21.84770879120879,0.731
fig4-independent-exact-redraw,7,1001,5000,early10,502.206,20.305876123876125,0.73
fig4-independent-exact-redraw,7,1001,5000,late10,501.06,23.707502497502496,0.74
fig4-independent-exact-redraw,7,1001,5000,paper1000_2000,499.466,22.40155244755245,0.708
fig4-independent-exact-retain,7,1001,5000,full,501.6676,21.556433966033964,0.718
fig4-independent-exact-retain,7,1001,5000,tail80,501.84175,21.501424575424576,0.71875
fig4-independent-exact-retain,7,1001,5000,early10,500.142,20.97354045954046,0.722
fig4-independent-exact-retain,7,1001,5000,late10,500.98,23.873984015984018,0.714
fig4-independent-exact-retain,7,1001,5000,paper1000_2000,505.523,20.90167432567433,0.722
fig4-native-rounded,8,1001,5000,full,497.2204,0.2733474525474525,0.9974
fig4-native-rounded,8,1001,5000,tail80,497.20975,0.2745854145854146,0.9975
fig4-native-rounded,8,1001,5000,early10,497.044,0.2769210789210789,0.996
fig4-native-rounded,8,1001,5000,late10,497.514,0.262055944055944,0.998
fig4-native-rounded,8,1001,5000,paper1000_2000,497.118,0.28444155844155844,0.998
fig4-independent-rounded-redraw,8,1001,5000,full,500.1148,0.22914285714285715,0.9994
fig4-independent-rounded-redraw,8,1001,5000,tail80,500.063,0.2275979020979021,0.9995
fig4-independent-rounded-redraw,8,1001,5000,early10,500.64,0.23671728271728273,0.998
fig4-independent-rounded-redraw,8,1001,5000,late10,499.12,0.22807392607392607,1
fig4-independent-rounded-redraw,8,1001,5000,paper1000_2000,500.19,0.20112287712287713,1
fig4-independent-rounded-retain,8,1001,5000,full,492.7484,0.12065654345654345,1
fig4-independent-rounded-retain,8,1001,5000,tail80,492.75,0.12062937062937062,1
fig4-independent-rounded-retain,8,1001,5000,early10,492.734,0.1209010989010989,1
fig4-independent-rounded-retain,8,1001,5000,late10,492.75,0.12062937062937062,1
fig4-independent-rounded-retain,8,1001,5000,paper1000_2000,492.75,0.12062937062937062,1
fig4-native-exact,8,1001,5000,full,500.5556,21.63615904095904,0.7028
fig4-native-exact,8,1001,5000,tail80,500.17675,21.81748201798202,0.7
fig4-native-exact,8,1001,5000,early10,507.992,19.03037962037962,0.716
fig4-native-exact,8,1001,5000,late10,496.222,22.151142857142858,0.702
fig4-native-exact,8,1001,5000,paper1000_2000,500.068,21.950723276723277,0.72
fig4-independent-exact-redraw,8,1001,5000,full,500.604,21.2280003996004,0.7612
fig4-independent-exact-redraw,8,1001,5000,tail80,500.771,21.180142357642357,0.76325
fig4-independent-exact-redraw,8,1001,5000,early10,501.172,22.004901098901097,0.73
fig4-independent-exact-redraw,8,1001,5000,late10,500.494,21.780049950049953,0.758
fig4-independent-exact-redraw,8,1001,5000,paper1000_2000,501.268,19.88813986013986,0.765
fig4-independent-exact-retain,8,1001,5000,full,500.5884,21.895914085914086,0.6848
fig4-independent-exact-retain,8,1001,5000,tail80,500.623,21.661421578421578,0.682
fig4-independent-exact-retain,8,1001,5000,early10,499.83,22.204885114885116,0.708
fig4-independent-exact-retain,8,1001,5000,late10,502.408,21.526643356643355,0.656
fig4-independent-exact-retain,8,1001,5000,paper1000_2000,499.995,22.088501498501497,0.674
fig4-native-rounded,9,1001,5000,full,500.2786,0.2644699300699301,0.9976
fig4-native-rounded,9,1001,5000,tail80,500.484,0.26368481518481524,0.9975
fig4-native-rounded,9,1001,5000,early10,498.792,0.26462137862137863,0.998
fig4-native-rounded,9,1001,5000,late10,500.808,0.2408011988011988,1
fig4-native-rounded,9,1001,5000,paper1000_2000,500.365,0.27322677322677325,0.997
fig4-independent-rounded-redraw,9,1001,5000,full,499.7914,0.22947412587412586,0.999
fig4-independent-rounded-redraw,9,1001,5000,tail80,499.85025,0.2290909090909091,0.999
fig4-independent-rounded-redraw,9,1001,5000,early10,499.47,0.22898501498501497,1
fig4-independent-rounded-redraw,9,1001,5000,late10,500.398,0.23822377622377622,1
fig4-independent-rounded-redraw,9,1001,5000,paper1000_2000,498.7,0.2242957042957043,1
fig4-independent-rounded-retain,9,1001,5000,full,507.4998,0.1361030969030969,1
fig4-independent-rounded-retain,9,1001,5000,tail80,507.5,0.1361138861138861,1
fig4-independent-rounded-retain,9,1001,5000,early10,507.498,0.136005994005994,1
fig4-independent-rounded-retain,9,1001,5000,late10,507.5,0.1361138861138861,1
fig4-independent-rounded-retain,9,1001,5000,paper1000_2000,507.5,0.1361138861138861,1
fig4-native-exact,9,1001,5000,full,500.8858,21.8871000999001,0.7254
fig4-native-exact,9,1001,5000,tail80,500.524,21.54873076923077,0.72225
fig4-native-exact,9,1001,5000,early10,504.974,23.168165834165833,0.746
fig4-native-exact,9,1001,5000,late10,499.51,19.951954045954047,0.76
fig4-native-exact,9,1001,5000,paper1000_2000,500.534,21.198915084915086,0.698
fig4-independent-exact-redraw,9,1001,5000,full,500.357,21.823472927072928,0.71
fig4-independent-exact-redraw,9,1001,5000,tail80,500.07325,21.60193006993007,0.70775
fig4-independent-exact-redraw,9,1001,5000,early10,502.05,21.790039960039962,0.71
fig4-independent-exact-redraw,9,1001,5000,late10,499.286,24.10804195804196,0.726
fig4-independent-exact-redraw,9,1001,5000,paper1000_2000,500.723,20.787624375624375,0.69
fig4-independent-exact-retain,9,1001,5000,full,500.6096,21.628814385614387,0.7154
fig4-independent-exact-retain,9,1001,5000,tail80,500.664,21.667265234765235,0.713
fig4-independent-exact-retain,9,1001,5000,early10,499.682,20.595074925074922,0.722
fig4-independent-exact-retain,9,1001,5000,late10,501.294,21.73551048951049,0.72
fig4-independent-exact-retain,9,1001,5000,paper1000_2000,500.112,20.395574425574427,0.741
fig4-native-rounded,10,1001,5000,full,500.4034,0.23156403596403596,0.999
fig4-native-rounded,10,1001,5000,tail80,500.26175,0.23432517482517484,0.999
fig4-native-rounded,10,1001,5000,early10,501.276,0.22962437562437563,0.998
fig4-native-rounded,10,1001,5000,late10,500.506,0.22393806193806196,0.998
fig4-native-rounded,10,1001,5000,paper1000_2000,500.057,0.23206993006993007,0.999
fig4-independent-rounded-redraw,10,1001,5000,full,498.0292,0.2614989010989011,0.9988
fig4-independent-rounded-redraw,10,1001,5000,tail80,498.10675,0.26065784215784216,0.9995
fig4-independent-rounded-redraw,10,1001,5000,early10,497.684,0.27630169830169826,0.994
fig4-independent-rounded-redraw,10,1001,5000,late10,498.756,0.2545594405594406,0.998
fig4-independent-rounded-redraw,10,1001,5000,paper1000_2000,498.441,0.26402597402597405,0.999
fig4-independent-rounded-retain,10,1001,5000,full,527,0.7015484515484516,1
fig4-independent-rounded-retain,10,1001,5000,tail80,527,0.7015484515484516,1
fig4-independent-rounded-retain,10,1001,5000,early10,527,0.7015484515484516,1
fig4-independent-rounded-retain,10,1001,5000,late10,527,0.7015484515484516,1
fig4-independent-rounded-retain,10,1001,5000,paper1000_2000,527,0.7015484515484516,1
fig4-native-exact,10,1001,5000,full,500.4454,21.08853066933067,0.7006
fig4-native-exact,10,1001,5000,tail80,500.57925,20.86283266733267,0.6985
fig4-native-exact,10,1001,5000,early10,499.352,20.727778221778223,0.696
fig4-native-exact,10,1001,5000,late10,499.344,20.81386013986014,0.668
fig4-native-exact,10,1001,5000,paper1000_2000,501.238,20.548617382617383,0.686
fig4-independent-exact-redraw,10,1001,5000,full,500.9492,21.692933866133863,0.7308
fig4-independent-exact-redraw,10,1001,5000,tail80,500.879,21.845187312687315,0.731
fig4-independent-exact-redraw,10,1001,5000,early10,503.438,21.30124875124875,0.718
fig4-independent-exact-redraw,10,1001,5000,late10,500.546,22.526503496503494,0.696
fig4-independent-exact-redraw,10,1001,5000,paper1000_2000,498.625,21.226159840159838,0.739
fig4-independent-exact-retain,10,1001,5000,full,495.441,21.75855344655345,0.7438
fig4-independent-exact-retain,10,1001,5000,tail80,495.103,21.44958691308691,0.74625
fig4-independent-exact-retain,10,1001,5000,early10,500.41,24.502987012987013,0.722
fig4-independent-exact-retain,10,1001,5000,late10,494.546,21.94827772227772,0.724
fig4-independent-exact-retain,10,1001,5000,paper1000_2000,498.471,22.09494105894106,0.73
fig4-native-rounded,11,1001,5000,full,500.4164,0.27112687312687317,0.9976
fig4-native-rounded,11,1001,5000,tail80,500.33725,0.27507892107892107,0.997
fig4-native-rounded,11,1001,5000,early10,500.54,0.2617122877122877,1
fig4-native-rounded,11,1001,5000,late10,500.456,0.266007992007992,0.996
fig4-native-rounded,11,1001,5000,paper1000_2000,499.946,0.2537982017982018,0.999
fig4-independent-rounded-redraw,11,1001,5000,full,501.4596,0.26422417582417584,0.9982
fig4-independent-rounded-redraw,11,1001,5000,tail80,501.42525,0.26323126873126873,0.998
fig4-independent-rounded-redraw,11,1001,5000,early10,501.59,0.2696523476523477,0.998
fig4-independent-rounded-redraw,11,1001,5000,late10,501.104,0.2643376623376623,0.996
fig4-independent-rounded-redraw,11,1001,5000,paper1000_2000,501.442,0.257040959040959,0.999
fig4-independent-rounded-retain,11,1001,5000,full,501.2288,0.3337926073926074,1
fig4-independent-rounded-retain,11,1001,5000,tail80,501.23075,0.3339005994005994,1
fig4-independent-rounded-retain,11,1001,5000,early10,501.288,0.3346793206793207,1
fig4-independent-rounded-retain,11,1001,5000,late10,501.288,0.3346793206793207,1
fig4-independent-rounded-retain,11,1001,5000,paper1000_2000,501.228,0.33340259740259737,1
fig4-native-exact,11,1001,5000,full,497.1848,21.782845954045953,0.7182
fig4-native-exact,11,1001,5000,tail80,497.06,22.050450049950047,0.7195
fig4-native-exact,11,1001,5000,early10,499.268,20.14018181818182,0.672
fig4-native-exact,11,1001,5000,late10,494.316,23.223634365634364,0.71
fig4-native-exact,11,1001,5000,paper1000_2000,497.593,21.333826173826175,0.706
fig4-independent-exact-redraw,11,1001,5000,full,501.2832,21.4645978021978,0.7264
fig4-independent-exact-redraw,11,1001,5000,tail80,500.591,21.638586913086915,0.734
fig4-independent-exact-redraw,11,1001,5000,early10,501.48,19.13405594405594,0.718
fig4-independent-exact-redraw,11,1001,5000,late10,500.804,21.696057942057944,0.762
fig4-independent-exact-redraw,11,1001,5000,paper1000_2000,500.972,21.426851148851146,0.718
fig4-independent-exact-retain,11,1001,5000,full,501.251,21.46892067932068,0.7278
fig4-independent-exact-retain,11,1001,5000,tail80,501.3245,21.537626373626374,0.7275
fig4-independent-exact-retain,11,1001,5000,early10,501.532,20.394147852147853,0.712
fig4-independent-exact-retain,11,1001,5000,late10,500.394,21.349796203796206,0.716
fig4-independent-exact-retain,11,1001,5000,paper1000_2000,500.485,19.943354645354646,0.753
fig4-native-rounded,12,1001,5000,full,501.565,0.25744135864135864,0.9988
fig4-native-rounded,12,1001,5000,tail80,501.41575,0.25878771228771225,0.9985
fig4-native-rounded,12,1001,5000,early10,503.404,0.24675524475524477,1
fig4-native-rounded,12,1001,5000,late10,501.562,0.26715484515484517,0.996
fig4-native-rounded,12,1001,5000,paper1000_2000,500.843,0.26237562437562434,0.999
fig4-independent-rounded-redraw,12,1001,5000,full,501.7056,0.25544175824175824,0.998
fig4-independent-rounded-redraw,12,1001,5000,tail80,501.733,0.2562857142857143,0.99775
fig4-independent-rounded-redraw,12,1001,5000,early10,501.642,0.2541078921078921,1
fig4-independent-rounded-redraw,12,1001,5000,late10,501.416,0.25665734265734264,0.998
fig4-independent-rounded-redraw,12,1001,5000,paper1000_2000,501.9,0.2675404595404595,0.997
fig4-independent-rounded-retain,12,1001,5000,full,500,0.00024975024975024975,1
fig4-independent-rounded-retain,12,1001,5000,tail80,500,0.00024975024975024975,1
fig4-independent-rounded-retain,12,1001,5000,early10,500,0.00024975024975024975,1
fig4-independent-rounded-retain,12,1001,5000,late10,500,0.00024975024975024975,1
fig4-independent-rounded-retain,12,1001,5000,paper1000_2000,500,0.00024975024975024975,1
fig4-native-exact,12,1001,5000,full,500.7262,20.917062537462535,0.7266
fig4-native-exact,12,1001,5000,tail80,501.54125,20.929492507492505,0.7385
fig4-native-exact,12,1001,5000,early10,496.368,19.927710289710287,0.686
fig4-native-exact,12,1001,5000,late10,500.72,21.19314885114885,0.748
fig4-native-exact,12,1001,5000,paper1000_2000,502.474,20.743136863136865,0.709
fig4-independent-exact-redraw,12,1001,5000,full,502.7008,21.57340659340659,0.7016
fig4-independent-exact-redraw,12,1001,5000,tail80,502.57525,21.62782967032967,0.69475
fig4-independent-exact-redraw,12,1001,5000,early10,501.41,21.55238161838162,0.734
fig4-independent-exact-redraw,12,1001,5000,late10,501.836,21.372325674325676,0.702
fig4-independent-exact-redraw,12,1001,5000,paper1000_2000,503.458,22.425324675324674,0.69
fig4-independent-exact-retain,12,1001,5000,full,500.454,21.33027132867133,0.6898
fig4-independent-exact-retain,12,1001,5000,tail80,500.92225,21.31525974025974,0.69425
fig4-independent-exact-retain,12,1001,5000,early10,501.914,21.762271728271728,0.662
fig4-independent-exact-retain,12,1001,5000,late10,502.59,21.24285114885115,0.682
fig4-independent-exact-retain,12,1001,5000,paper1000_2000,501.128,20.74678921078921,0.701
fig4-native-rounded,13,1001,5000,full,498.616,0.24701538461538464,0.998
fig4-native-rounded,13,1001,5000,tail80,498.81725,0.2446863136863137,0.998
fig4-native-rounded,13,1001,5000,early10,498.002,0.2672907092907093,0.996
fig4-native-rounded,13,1001,5000,late10,498.87,0.2304035964035964,0.994
fig4-native-rounded,13,1001,5000,paper1000_2000,498.82,0.24410989010989012,0.998
fig4-independent-rounded-redraw,13,1001,5000,full,501.109,0.277568031968032,0.9972
fig4-independent-rounded-redraw,13,1001,5000,tail80,501.3085,0.2822237762237762,0.997
fig4-independent-rounded-redraw,13,1001,5000,early10,500.59,0.24274725274725276,0.998
fig4-independent-rounded-redraw,13,1001,5000,late10,503.296,0.2722857142857143,0.998
fig4-independent-rounded-redraw,13,1001,5000,paper1000_2000,500.967,0.29336863136863134,0.997
fig4-independent-rounded-retain,13,1001,5000,full,498.5,0.08616383616383616,1
fig4-independent-rounded-retain,13,1001,5000,tail80,498.5,0.08616383616383616,1
fig4-independent-rounded-retain,13,1001,5000,early10,498.5,0.08616383616383616,1
fig4-independent-rounded-retain,13,1001,5000,late10,498.5,0.08616383616383616,1
fig4-independent-rounded-retain,13,1001,5000,paper1000_2000,498.5,0.08616383616383616,1
fig4-native-exact,13,1001,5000,full,502.2456,22.42504895104895,0.7
fig4-native-exact,13,1001,5000,tail80,502.49975,22.510629870129872,0.70225
fig4-native-exact,13,1001,5000,early10,500.188,22.38283916083916,0.718
fig4-native-exact,13,1001,5000,late10,503.334,22.313116883116884,0.748
fig4-native-exact,13,1001,5000,paper1000_2000,502.302,21.51428771228771,0.681
fig4-independent-exact-redraw,13,1001,5000,full,502.1764,21.747776223776224,0.703
fig4-independent-exact-redraw,13,1001,5000,tail80,502.7035,21.92132117882118,0.7025
fig4-independent-exact-redraw,13,1001,5000,early10,499.51,20.55391208791209,0.672
fig4-independent-exact-redraw,13,1001,5000,late10,503.172,23.59039160839161,0.704
fig4-independent-exact-redraw,13,1001,5000,paper1000_2000,502.334,21.034335664335664,0.705
fig4-independent-exact-retain,13,1001,5000,full,495.4856,22.437202797202797,0.714
fig4-independent-exact-retain,13,1001,5000,tail80,495.36875,22.363279220779223,0.7165
fig4-independent-exact-retain,13,1001,5000,early10,497.638,20.698515484515486,0.718
fig4-independent-exact-retain,13,1001,5000,late10,496.044,23.09111088911089,0.734
fig4-independent-exact-retain,13,1001,5000,paper1000_2000,495.616,22.32554645354645,0.728
fig4-native-rounded,14,1001,5000,full,499.6672,0.27095824175824174,0.9976
fig4-native-rounded,14,1001,5000,tail80,499.79475,0.26790109890109887,0.99725
fig4-native-rounded,14,1001,5000,early10,499.6,0.26566433566433567,1
fig4-native-rounded,14,1001,5000,late10,498.504,0.2824475524475525,0.998
fig4-native-rounded,14,1001,5000,paper1000_2000,500.265,0.28403996003996007,0.997
fig4-independent-rounded-redraw,14,1001,5000,full,501.6396,0.229397002997003,0.9994
fig4-independent-rounded-redraw,14,1001,5000,tail80,501.66725,0.22972727272727272,0.9995
fig4-independent-rounded-redraw,14,1001,5000,early10,501.556,0.23011588411588413,0.998
fig4-independent-rounded-redraw,14,1001,5000,late10,501.446,0.23577422577422577,1
fig4-independent-rounded-redraw,14,1001,5000,paper1000_2000,501.692,0.22095304695304696,0.999
fig4-independent-rounded-retain,14,1001,5000,full,502.745,0.0713994005994006,1
fig4-independent-rounded-retain,14,1001,5000,tail80,502.75,0.07117882117882118,1
fig4-independent-rounded-retain,14,1001,5000,early10,502.7,0.07338461538461538,1
fig4-independent-rounded-retain,14,1001,5000,late10,502.75,0.07117882117882118,1
fig4-independent-rounded-retain,14,1001,5000,paper1000_2000,502.75,0.07117882117882118,1
fig4-native-exact,14,1001,5000,full,499.0908,21.663127672327672,0.7
fig4-native-exact,14,1001,5000,tail80,498.73475,21.905795704295702,0.69525
fig4-native-exact,14,1001,5000,early10,501.244,19.108357642357642,0.746
fig4-native-exact,14,1001,5000,late10,497.504,19.620605394605395,0.678
fig4-native-exact,14,1001,5000,paper1000_2000,500.732,22.50734665334665,0.706
fig4-independent-exact-redraw,14,1001,5000,full,500.405,21.922334865134864,0.7038
fig4-independent-exact-redraw,14,1001,5000,tail80,500.4135,22.061563936063934,0.708
fig4-independent-exact-redraw,14,1001,5000,early10,500.272,20.65708091908092,0.678
fig4-independent-exact-redraw,14,1001,5000,late10,500.34,23.868113886113886,0.664
fig4-independent-exact-redraw,14,1001,5000,paper1000_2000,500.445,21.19911088911089,0.712
fig4-independent-exact-retain,14,1001,5000,full,500.5242,21.374716483516483,0.7158
fig4-independent-exact-retain,14,1001,5000,tail80,500.462,21.475827672327675,0.72275
fig4-independent-exact-retain,14,1001,5000,early10,501.744,21.169848151848154,0.71
fig4-independent-exact-retain,14,1001,5000,late10,500.678,22.681788211788213,0.712
fig4-independent-exact-retain,14,1001,5000,paper1000_2000,501.015,22.750487512487513,0.706
fig4-native-rounded,15,1001,5000,full,501.789,0.2503828171828172,0.9996
fig4-native-rounded,15,1001,5000,tail80,501.73825,0.24984065934065933,0.9995
fig4-native-rounded,15,1001,5000,early10,501.632,0.2734885114885115,1
fig4-native-rounded,15,1001,5000,late10,502.22,0.2733486513486514,1
fig4-native-rounded,15,1001,5000,paper1000_2000,501.706,0.25792407592407596,1
fig4-independent-rounded-redraw,15,1001,5000,full,500.3468,0.25732347652347654,0.9998
fig4-independent-rounded-redraw,15,1001,5000,tail80,500.41525,0.2581163836163836,0.99975
fig4-independent-rounded-redraw,15,1001,5000,early10,499.536,0.2578121878121878,1
fig4-independent-rounded-redraw,15,1001,5000,late10,501.316,0.2517102897102897,1
fig4-independent-rounded-redraw,15,1001,5000,paper1000_2000,500.236,0.25692707292707295,0.999
fig4-independent-rounded-retain,15,1001,5000,full,521.6634,0.7520831168831169,1
fig4-independent-rounded-retain,15,1001,5000,tail80,521.6695,0.7522402597402597,1
fig4-independent-rounded-retain,15,1001,5000,early10,521.634,0.7513506493506493,1
fig4-independent-rounded-retain,15,1001,5000,late10,521.64,0.7512907092907093,1
fig4-independent-rounded-retain,15,1001,5000,paper1000_2000,521.678,0.7524675324675325,1
fig4-native-exact,15,1001,5000,full,503.0282,21.66124915084915,0.7058
fig4-native-exact,15,1001,5000,tail80,503.797,21.38744905094905,0.71825
fig4-native-exact,15,1001,5000,early10,500.368,21.993936063936065,0.618
fig4-native-exact,15,1001,5000,late10,503.462,22.48806993006993,0.714
fig4-native-exact,15,1001,5000,paper1000_2000,502.516,22.127692307692307,0.685
fig4-independent-exact-redraw,15,1001,5000,full,500.4746,21.399325074925073,0.7146
fig4-independent-exact-redraw,15,1001,5000,tail80,500.355,21.838512987012987,0.718
fig4-independent-exact-redraw,15,1001,5000,early10,500.036,18.365428571428573,0.706
fig4-independent-exact-redraw,15,1001,5000,late10,499.872,21.615878121878122,0.738
fig4-independent-exact-redraw,15,1001,5000,paper1000_2000,499.989,22.27064135864136,0.721
fig4-independent-exact-retain,15,1001,5000,full,500.6908,21.55922957042957,0.7122
fig4-independent-exact-retain,15,1001,5000,tail80,500.9065,21.37455844155844,0.715
fig4-independent-exact-retain,15,1001,5000,early10,499.77,21.610191808191807,0.704
fig4-independent-exact-retain,15,1001,5000,late10,501.07,20.42174025974026,0.72
fig4-independent-exact-retain,15,1001,5000,paper1000_2000,501.595,21.512457542457543,0.697
fig4-native-rounded,16,1001,5000,full,499.9502,0.23935904095904095,0.9988
fig4-native-rounded,16,1001,5000,tail80,499.8845,0.2367192807192807,0.99875
fig4-native-rounded,16,1001,5000,early10,499.47,0.24598001998001998,1
fig4-native-rounded,16,1001,5000,late10,500.426,0.24753846153846154,1
fig4-native-rounded,16,1001,5000,paper1000_2000,500.537,0.22667132867132866,1
fig4-independent-rounded-redraw,16,1001,5000,full,500.458,0.2404867132867133,0.9992
fig4-independent-rounded-redraw,16,1001,5000,tail80,500.362,0.23414035964035965,0.9995
fig4-independent-rounded-redraw,16,1001,5000,early10,501.13,0.25621378621378627,0.998
fig4-independent-rounded-redraw,16,1001,5000,late10,500.624,0.24496903096903097,1
fig4-independent-rounded-redraw,16,1001,5000,paper1000_2000,499.506,0.23242957042957044,0.999
fig4-independent-rounded-retain,16,1001,5000,full,508.0004,0.05622097902097902,1
fig4-independent-rounded-retain,16,1001,5000,tail80,508,0.05619380619380619,1
fig4-independent-rounded-retain,16,1001,5000,early10,508.004,0.05646553446553446,1
fig4-independent-rounded-retain,16,1001,5000,late10,508,0.05619380619380619,1
fig4-independent-rounded-retain,16,1001,5000,paper1000_2000,508,0.05619380619380619,1
fig4-native-exact,16,1001,5000,full,502.0202,21.41718841158841,0.7174
fig4-native-exact,16,1001,5000,tail80,501.72,21.63592107892108,0.72225
fig4-native-exact,16,1001,5000,early10,504.07,19.894547452547453,0.692
fig4-native-exact,16,1001,5000,late10,501.226,21.846103896103898,0.738
fig4-native-exact,16,1001,5000,paper1000_2000,503.074,23.538335664335666,0.694
fig4-independent-exact-redraw,16,1001,5000,full,497.2856,22.25296583416583,0.7008
fig4-independent-exact-redraw,16,1001,5000,tail80,494.9115,22.26700949050949,0.7015
fig4-independent-exact-redraw,16,1001,5000,early10,507.698,20.77382817182817,0.704
fig4-independent-exact-redraw,16,1001,5000,late10,494.662,22.97264935064935,0.682
fig4-independent-exact-redraw,16,1001,5000,paper1000_2000,495.46,21.911596403596405,0.69
fig4-independent-exact-retain,16,1001,5000,full,498.3106,21.959882117882117,0.708
fig4-independent-exact-retain,16,1001,5000,tail80,497.9915,21.627423576423578,0.71625
fig4-independent-exact-retain,16,1001,5000,early10,499.28,24.56449350649351,0.648
fig4-independent-exact-retain,16,1001,5000,late10,494.07,21.0243016983017,0.698
fig4-independent-exact-retain,16,1001,5000,paper1000_2000,500.067,21.164291708291707,0.739
fig4-native-rounded,17,1001,5000,full,500.7716,0.22538381618381617,0.999
fig4-native-rounded,17,1001,5000,tail80,500.90075,0.22099550449550448,0.99875
fig4-native-rounded,17,1001,5000,early10,499.782,0.23771628371628373,1
fig4-native-rounded,17,1001,5000,late10,500.608,0.22944455544455544,0.996
fig4-native-rounded,17,1001,5000,paper1000_2000,501.265,0.22678321678321678,0.999
fig4-independent-rounded-redraw,17,1001,5000,full,503.955,0.2531724275724276,0.999
fig4-independent-rounded-redraw,17,1001,5000,tail80,504.13875,0.25113786213786216,0.999
fig4-independent-rounded-redraw,17,1001,5000,early10,502.784,0.2448131868131868,0.998
fig4-independent-rounded-redraw,17,1001,5000,late10,504.626,0.24225574425574425,0.998
fig4-independent-rounded-redraw,17,1001,5000,paper1000_2000,504.057,0.244985014985015,0.999
fig4-independent-rounded-retain,17,1001,5000,full,476,0.5996503496503497,1
fig4-independent-rounded-retain,17,1001,5000,tail80,476,0.5996503496503497,1
fig4-independent-rounded-retain,17,1001,5000,early10,476,0.5996503496503497,1
fig4-independent-rounded-retain,17,1001,5000,late10,476,0.5996503496503497,1
fig4-independent-rounded-retain,17,1001,5000,paper1000_2000,476,0.5996503496503497,1
fig4-native-exact,17,1001,5000,full,499.9198,22.025012587412586,0.6944
fig4-native-exact,17,1001,5000,tail80,500.53875,21.907536463536463,0.6925
fig4-native-exact,17,1001,5000,early10,496.482,22.938667332667332,0.72
fig4-native-exact,17,1001,5000,late10,500.432,20.489384615384616,0.738
fig4-native-exact,17,1001,5000,paper1000_2000,501.253,22.439146853146852,0.707
fig4-independent-exact-redraw,17,1001,5000,full,502.3814,21.956573826173827,0.7098
fig4-independent-exact-redraw,17,1001,5000,tail80,502.0375,21.840661838161836,0.7085
fig4-independent-exact-redraw,17,1001,5000,early10,500.26,19.582247752247753,0.728
fig4-independent-exact-redraw,17,1001,5000,late10,502.308,19.506223776223777,0.7
fig4-independent-exact-redraw,17,1001,5000,paper1000_2000,502.56,22.749784215784217,0.723
fig4-independent-exact-retain,17,1001,5000,full,500.1924,21.916762437562436,0.7132
fig4-independent-exact-retain,17,1001,5000,tail80,500.55075,21.912882117882116,0.71425
fig4-independent-exact-retain,17,1001,5000,early10,499.62,23.397184815184815,0.694
fig4-independent-exact-retain,17,1001,5000,late10,500.288,21.46627572427572,0.726
fig4-independent-exact-retain,17,1001,5000,paper1000_2000,500.429,22.728571428571428,0.714
fig4-native-rounded,18,1001,5000,full,500.5564,0.25015264735264736,0.9986
fig4-native-rounded,18,1001,5000,tail80,500.44625,0.24768281718281718,0.99875
fig4-native-rounded,18,1001,5000,early10,500.766,0.26305094905094906,0.996
fig4-native-rounded,18,1001,5000,late10,500.018,0.234015984015984,1
fig4-native-rounded,18,1001,5000,paper1000_2000,500.482,0.2567312687312687,0.998
fig4-independent-rounded-redraw,18,1001,5000,full,498.502,0.2390889110889111,0.9994
fig4-independent-rounded-redraw,18,1001,5000,tail80,498.51525,0.23974425574425576,0.99925
fig4-independent-rounded-redraw,18,1001,5000,early10,498.65,0.24092107892107892,1
fig4-independent-rounded-redraw,18,1001,5000,late10,498.976,0.23927072927072926,1
fig4-independent-rounded-redraw,18,1001,5000,paper1000_2000,498.778,0.23954045954045955,1
fig4-independent-rounded-retain,18,1001,5000,full,499.994,0.00037002997002997005,1
fig4-independent-rounded-retain,18,1001,5000,tail80,500,0.00024975024975024975,1
fig4-independent-rounded-retain,18,1001,5000,early10,499.94,0.0014525474525474524,1
fig4-independent-rounded-retain,18,1001,5000,late10,500,0.00024975024975024975,1
fig4-independent-rounded-retain,18,1001,5000,paper1000_2000,500,0.00024975024975024975,1
fig4-native-exact,18,1001,5000,full,500.6406,22.78807032967033,0.7306
fig4-native-exact,18,1001,5000,tail80,500.6275,23.224665834165837,0.73025
fig4-native-exact,18,1001,5000,early10,501.394,22.165596403596403,0.702
fig4-native-exact,18,1001,5000,late10,501.414,24.082395604395604,0.712
fig4-native-exact,18,1001,5000,paper1000_2000,500.373,24.076533466533466,0.728
fig4-independent-exact-redraw,18,1001,5000,full,500.613,22.497224775224776,0.7158
fig4-independent-exact-redraw,18,1001,5000,tail80,500.73475,22.38716233766234,0.72075
fig4-independent-exact-redraw,18,1001,5000,early10,499.694,21.686475524475526,0.692
fig4-independent-exact-redraw,18,1001,5000,late10,500.612,22.434639360639363,0.746
fig4-independent-exact-redraw,18,1001,5000,paper1000_2000,501.07,23.479916083916084,0.695
fig4-independent-exact-retain,18,1001,5000,full,500.7738,22.861932867132868,0.7008
fig4-independent-exact-retain,18,1001,5000,tail80,500.84175,23.088212287712288,0.706
fig4-independent-exact-retain,18,1001,5000,early10,500.442,20.00878921078921,0.682
fig4-independent-exact-retain,18,1001,5000,late10,502.364,23.278055944055943,0.718
fig4-independent-exact-retain,18,1001,5000,paper1000_2000,500.922,23.900895104895103,0.705
fig4-native-rounded,19,1001,5000,full,500.9852,0.26125794205794206,0.9986
fig4-native-rounded,19,1001,5000,tail80,501.1415,0.26168881118881115,0.99875
fig4-native-rounded,19,1001,5000,early10,499.76,0.24412187812187813,0.998
fig4-native-rounded,19,1001,5000,late10,501.482,0.2418001998001998,1
fig4-native-rounded,19,1001,5000,paper1000_2000,501.34,0.25386413586413586,0.998
fig4-independent-rounded-redraw,19,1001,5000,full,501.0184,0.25196803196803197,0.9992
fig4-independent-rounded-redraw,19,1001,5000,tail80,501.02,0.24765234765234767,0.9995
fig4-independent-rounded-redraw,19,1001,5000,early10,501.334,0.27225374625374626,0.996
fig4-independent-rounded-redraw,19,1001,5000,late10,501.26,0.22705494505494506,1
fig4-independent-rounded-redraw,19,1001,5000,paper1000_2000,501.043,0.2525234765234765,1
fig4-independent-rounded-retain,19,1001,5000,full,522,0.4618637362637363,1
fig4-independent-rounded-retain,19,1001,5000,tail80,522,0.4617882117882118,1
fig4-independent-rounded-retain,19,1001,5000,early10,522,0.4625434565434565,1
fig4-independent-rounded-retain,19,1001,5000,late10,522,0.4617882117882118,1
fig4-independent-rounded-retain,19,1001,5000,paper1000_2000,522,0.4617882117882118,1
fig4-native-exact,19,1001,5000,full,500.017,21.21743936063936,0.6904
fig4-native-exact,19,1001,5000,tail80,500.50525,21.49626973026973,0.69175
fig4-native-exact,19,1001,5000,early10,495.742,19.93262937062937,0.644
fig4-native-exact,19,1001,5000,late10,500.684,19.948165834165835,0.658
fig4-native-exact,19,1001,5000,paper1000_2000,500.716,22.555472527472524,0.685
fig4-independent-exact-redraw,19,1001,5000,full,498.8764,21.62291068931069,0.707
fig4-independent-exact-redraw,19,1001,5000,tail80,499.30225,21.630536963036963,0.7045
fig4-independent-exact-redraw,19,1001,5000,early10,496.338,22.6430989010989,0.72
fig4-independent-exact-redraw,19,1001,5000,late10,498.704,21.985716283716286,0.716
fig4-independent-exact-redraw,19,1001,5000,paper1000_2000,497.064,21.588853146853147,0.694
fig4-independent-exact-retain,19,1001,5000,full,505.2994,22.687213586413584,0.7172
fig4-independent-exact-retain,19,1001,5000,tail80,506.35725,22.79382917082917,0.718
fig4-independent-exact-retain,19,1001,5000,early10,496.378,20.318823176823177,0.718
fig4-independent-exact-retain,19,1001,5000,late10,507.832,23.069828171828174,0.716
fig4-independent-exact-retain,19,1001,5000,paper1000_2000,506.708,23.578025974025973,0.714
fig4-native-rounded,20,1001,5000,full,501.0718,0.2794065934065934,0.997
fig4-native-rounded,20,1001,5000,tail80,500.92375,0.28135364635364635,0.99725
fig4-native-rounded,20,1001,5000,early10,501.812,0.2806853146853147,1
fig4-native-rounded,20,1001,5000,late10,501.71,0.2511108891108891,1
fig4-native-rounded,20,1001,5000,paper1000_2000,500.369,0.272033966033966,0.998
fig4-independent-rounded-redraw,20,1001,5000,full,502.9498,0.2673422577422577,0.9976
fig4-independent-rounded-redraw,20,1001,5000,tail80,502.788,0.26554395604395603,0.9975
fig4-independent-rounded-redraw,20,1001,5000,early10,503.212,0.28656743256743256,0.996
fig4-independent-rounded-redraw,20,1001,5000,late10,502.46,0.23286513486513488,0.998
fig4-independent-rounded-redraw,20,1001,5000,paper1000_2000,502.277,0.27015784215784217,0.995
fig4-independent-rounded-retain,20,1001,5000,full,486.5,0.40584415584415584,1
fig4-independent-rounded-retain,20,1001,5000,tail80,486.5,0.40584415584415584,1
fig4-independent-rounded-retain,20,1001,5000,early10,486.5,0.40584415584415584,1
fig4-independent-rounded-retain,20,1001,5000,late10,486.5,0.40584415584415584,1
fig4-independent-rounded-retain,20,1001,5000,paper1000_2000,486.5,0.40584415584415584,1
fig4-native-exact,20,1001,5000,full,491.5352,20.760574625374627,0.7228
fig4-native-exact,20,1001,5000,tail80,491.7885,20.565916083916083,0.733
fig4-native-exact,20,1001,5000,early10,490.69,21.53141858141858,0.678
fig4-native-exact,20,1001,5000,late10,491.748,19.381132867132866,0.732
fig4-native-exact,20,1001,5000,paper1000_2000,493.023,20.535168831168832,0.715
fig4-independent-exact-redraw,20,1001,5000,full,500.5412,22.14903056943057,0.7266
fig4-independent-exact-redraw,20,1001,5000,tail80,500.56725,22.399682317682316,0.7225
fig4-independent-exact-redraw,20,1001,5000,early10,499.92,20.063874125874126,0.75
fig4-independent-exact-redraw,20,1001,5000,late10,502.422,20.858135864135864,0.758
fig4-independent-exact-redraw,20,1001,5000,paper1000_2000,500.37,23.097928071928074,0.731
fig4-independent-exact-retain,20,1001,5000,full,499.578,22.068403996003994,0.724
fig4-independent-exact-retain,20,1001,5000,tail80,499.72,22.235265234765233,0.7275
fig4-independent-exact-retain,20,1001,5000,early10,501.092,20.832933066933066,0.718
fig4-independent-exact-retain,20,1001,5000,late10,501.046,21.70454945054945,0.706
fig4-independent-exact-retain,20,1001,5000,paper1000_2000,497.712,22.381380619380618,0.744
