ties,seed,mean,rms_center,variance,central_share
redraw,1,507.161,404.362478476923,163464.645079,0.145
sticky,1,590.155,483.1675237430595,225412.836975,0.0
redraw,2,562.584,403.24945133254676,158755.696944,0.173
sticky,2,536.243,478.695345705387,227871.67195100003,0.067
redraw,3,571.965,393.6783026787227,149875.35977500005,0.151
sticky,3,500.977,476.40317169389203,226959.75447100002,0.084
redraw,4,526.996,403.09249310797145,161781.519984,0.153
sticky,4,524.064,479.80002084201703,229652.79790400004,0.064
redraw,5,454.776,401.8492627839449,159392.14582399998,0.188
sticky,5,500.5,500.5,250500.25,0.0
redraw,6,461.462,422.52490577479574,177003.33055600003,0.0
sticky,6,385.557,494.0152366071314,230839.160751,0.019
redraw,7,569.269,408.6212525065235,162242.152639,0.154
sticky,7,545.738,479.2557417496425,227639.589356,0.061
redraw,8,464.67,413.5606074083942,169748.5871,0.158
sticky,8,600.6,500.5,240480.24,0.0
redraw,9,667.042,401.7773637227463,133688.812236,0.0
sticky,9,800.8,500.5,160320.16,0.0
redraw,10,1001.0,500.5,0.0,0.0
sticky,10,1001.0,500.5,0.0,0.0
redraw,11,581.074,410.5360422666931,162047.67252400002,0.141
sticky,11,567.88,481.90403609017426,227691.43559999997,0.073
redraw,12,613.167,399.8609333255751,147194.913111,0.199
sticky,12,529.94,478.8494230966557,228430.0564,0.069
redraw,13,333.899,373.2978301571012,111595.376799,0.0
sticky,13,1001.0,500.5,0.0,0.0
redraw,14,452.122,397.3080895224762,155513.28711599996,0.199
sticky,14,332.332,500.5,222219.77377600002,0.0
redraw,15,504.21,401.1385371664009,160898.36190000002,0.164
sticky,15,446.932,481.6240151819674,229092.16137599992,0.061
redraw,16,495.816,406.9529260246202,165588.744144,0.162
sticky,16,528.579,485.90424982706213,235314.50975899995,0.05
redraw,17,512.293,402.05668008379115,161510.499151,0.156
sticky,17,435.223,476.2305954052091,222534.493271,0.053
redraw,18,583.235,409.4342267080269,160791.305775,0.163
sticky,18,125.125,500.5,109593.859375,0.0
redraw,19,587.86,410.985476629041,161277.29239999998,0.152
sticky,19,575.764,480.2112618421188,224938.186304,0.063
redraw,20,496.477,403.3666793377956,162688.493471,0.186
sticky,20,450.642,475.5211982656504,223634.58983599997,0.069
