plot,id,metric,primary,denominator,sham_condition,baseline_condition,strata,summary,unavailable
01-primary-food,sham-ambiguous-seen-off-route-cost0-m0 minus matched-neutral-ambiguous-seen-off-route-cost0-m0,thief_transferred,True,40,sham-ambiguous-seen-off-route-cost0-m0,matched-neutral-ambiguous-seen-off-route-cost0-m0,"{""display_seen"": true, ""effort_cost"": 0.0, ""layout"": ""off_route"", ""mirrored"": false, ""sender"": ""sham"", ""view"": ""ambiguous""}","{""ci95"": [-8.533597469625144, -4.666402530374855], ""mean"": -6.6, ""n"": 40, ""negative"": 22, ""positive"": 0, ""zero"": 18}",[]
01-primary-food,sham-ambiguous-seen-off-route-cost3-m0 minus matched-neutral-ambiguous-seen-off-route-cost3-m0,thief_transferred,True,40,sham-ambiguous-seen-off-route-cost3-m0,matched-neutral-ambiguous-seen-off-route-cost3-m0,"{""display_seen"": true, ""effort_cost"": 3.0, ""layout"": ""off_route"", ""mirrored"": false, ""sender"": ""sham"", ""view"": ""ambiguous""}","{""ci95"": [-12.0, -12.0], ""mean"": -12.0, ""n"": 40, ""negative"": 40, ""positive"": 0, ""zero"": 0}",[]
01-primary-food,sham-ambiguous-seen-on-route-cost0-m0 minus matched-neutral-ambiguous-seen-on-route-cost0-m0,thief_transferred,True,40,sham-ambiguous-seen-on-route-cost0-m0,matched-neutral-ambiguous-seen-on-route-cost0-m0,"{""display_seen"": true, ""effort_cost"": 0.0, ""layout"": ""on_route"", ""mirrored"": false, ""sender"": ""sham"", ""view"": ""ambiguous""}","{""ci95"": [0.0, 0.0], ""mean"": 0.0, ""n"": 40, ""negative"": 0, ""positive"": 0, ""zero"": 40}",[]
01-primary-food,sham-ambiguous-seen-on-route-cost3-m0 minus matched-neutral-ambiguous-seen-on-route-cost3-m0,thief_transferred,True,40,sham-ambiguous-seen-on-route-cost3-m0,matched-neutral-ambiguous-seen-on-route-cost3-m0,"{""display_seen"": true, ""effort_cost"": 3.0, ""layout"": ""on_route"", ""mirrored"": false, ""sender"": ""sham"", ""view"": ""ambiguous""}","{""ci95"": [0.0, 0.0], ""mean"": 0.0, ""n"": 40, ""negative"": 0, ""positive"": 0, ""zero"": 40}",[]
01-primary-food,sham-ambiguous-unseen-off-route-cost0-m0 minus matched-neutral-ambiguous-unseen-off-route-cost0-m0,thief_transferred,True,40,sham-ambiguous-unseen-off-route-cost0-m0,matched-neutral-ambiguous-unseen-off-route-cost0-m0,"{""display_seen"": false, ""effort_cost"": 0.0, ""layout"": ""off_route"", ""mirrored"": false, ""sender"": ""sham"", ""view"": ""ambiguous""}","{""ci95"": [0.0, 0.0], ""mean"": 0.0, ""n"": 40, ""negative"": 0, ""positive"": 0, ""zero"": 40}",[]
01-primary-food,sham-ambiguous-unseen-off-route-cost3-m0 minus matched-neutral-ambiguous-unseen-off-route-cost3-m0,thief_transferred,True,40,sham-ambiguous-unseen-off-route-cost3-m0,matched-neutral-ambiguous-unseen-off-route-cost3-m0,"{""display_seen"": false, ""effort_cost"": 3.0, ""layout"": ""off_route"", ""mirrored"": false, ""sender"": ""sham"", ""view"": ""ambiguous""}","{""ci95"": [0.0, 0.0], ""mean"": 0.0, ""n"": 40, ""negative"": 0, ""positive"": 0, ""zero"": 40}",[]
01-primary-food,sham-ambiguous-unseen-on-route-cost0-m0 minus matched-neutral-ambiguous-unseen-on-route-cost0-m0,thief_transferred,True,40,sham-ambiguous-unseen-on-route-cost0-m0,matched-neutral-ambiguous-unseen-on-route-cost0-m0,"{""display_seen"": false, ""effort_cost"": 0.0, ""layout"": ""on_route"", ""mirrored"": false, ""sender"": ""sham"", ""view"": ""ambiguous""}","{""ci95"": [0.0, 0.0], ""mean"": 0.0, ""n"": 40, ""negative"": 0, ""positive"": 0, ""zero"": 40}",[]
01-primary-food,sham-ambiguous-unseen-on-route-cost3-m0 minus matched-neutral-ambiguous-unseen-on-route-cost3-m0,thief_transferred,True,40,sham-ambiguous-unseen-on-route-cost3-m0,matched-neutral-ambiguous-unseen-on-route-cost3-m0,"{""display_seen"": false, ""effort_cost"": 3.0, ""layout"": ""on_route"", ""mirrored"": false, ""sender"": ""sham"", ""view"": ""ambiguous""}","{""ci95"": [0.0, 0.0], ""mean"": 0.0, ""n"": 40, ""negative"": 0, ""positive"": 0, ""zero"": 40}",[]
01-primary-food,sham-clear-seen-off-route-cost0-m0 minus matched-neutral-clear-seen-off-route-cost0-m0,thief_transferred,True,40,sham-clear-seen-off-route-cost0-m0,matched-neutral-clear-seen-off-route-cost0-m0,"{""display_seen"": true, ""effort_cost"": 0.0, ""layout"": ""off_route"", ""mirrored"": false, ""sender"": ""sham"", ""view"": ""clear""}","{""ci95"": [0.0, 0.0], ""mean"": 0.0, ""n"": 40, ""negative"": 0, ""positive"": 0, ""zero"": 40}",[]
01-primary-food,sham-clear-seen-off-route-cost3-m0 minus matched-neutral-clear-seen-off-route-cost3-m0,thief_transferred,True,40,sham-clear-seen-off-route-cost3-m0,matched-neutral-clear-seen-off-route-cost3-m0,"{""display_seen"": true, ""effort_cost"": 3.0, ""layout"": ""off_route"", ""mirrored"": false, ""sender"": ""sham"", ""view"": ""clear""}","{""ci95"": [0.0, 0.0], ""mean"": 0.0, ""n"": 40, ""negative"": 0, ""positive"": 0, ""zero"": 40}",[]
01-primary-food,sham-clear-seen-on-route-cost0-m0 minus matched-neutral-clear-seen-on-route-cost0-m0,thief_transferred,True,40,sham-clear-seen-on-route-cost0-m0,matched-neutral-clear-seen-on-route-cost0-m0,"{""display_seen"": true, ""effort_cost"": 0.0, ""layout"": ""on_route"", ""mirrored"": false, ""sender"": ""sham"", ""view"": ""clear""}","{""ci95"": [0.0, 0.0], ""mean"": 0.0, ""n"": 40, ""negative"": 0, ""positive"": 0, ""zero"": 40}",[]
01-primary-food,sham-clear-seen-on-route-cost3-m0 minus matched-neutral-clear-seen-on-route-cost3-m0,thief_transferred,True,40,sham-clear-seen-on-route-cost3-m0,matched-neutral-clear-seen-on-route-cost3-m0,"{""display_seen"": true, ""effort_cost"": 3.0, ""layout"": ""on_route"", ""mirrored"": false, ""sender"": ""sham"", ""view"": ""clear""}","{""ci95"": [0.0, 0.0], ""mean"": 0.0, ""n"": 40, ""negative"": 0, ""positive"": 0, ""zero"": 40}",[]
01-primary-food,sham-clear-unseen-off-route-cost0-m0 minus matched-neutral-clear-unseen-off-route-cost0-m0,thief_transferred,True,40,sham-clear-unseen-off-route-cost0-m0,matched-neutral-clear-unseen-off-route-cost0-m0,"{""display_seen"": false, ""effort_cost"": 0.0, ""layout"": ""off_route"", ""mirrored"": false, ""sender"": ""sham"", ""view"": ""clear""}","{""ci95"": [0.0, 0.0], ""mean"": 0.0, ""n"": 40, ""negative"": 0, ""positive"": 0, ""zero"": 40}",[]
01-primary-food,sham-clear-unseen-off-route-cost3-m0 minus matched-neutral-clear-unseen-off-route-cost3-m0,thief_transferred,True,40,sham-clear-unseen-off-route-cost3-m0,matched-neutral-clear-unseen-off-route-cost3-m0,"{""display_seen"": false, ""effort_cost"": 3.0, ""layout"": ""off_route"", ""mirrored"": false, ""sender"": ""sham"", ""view"": ""clear""}","{""ci95"": [0.0, 0.0], ""mean"": 0.0, ""n"": 40, ""negative"": 0, ""positive"": 0, ""zero"": 40}",[]
01-primary-food,sham-clear-unseen-on-route-cost0-m0 minus matched-neutral-clear-unseen-on-route-cost0-m0,thief_transferred,True,40,sham-clear-unseen-on-route-cost0-m0,matched-neutral-clear-unseen-on-route-cost0-m0,"{""display_seen"": false, ""effort_cost"": 0.0, ""layout"": ""on_route"", ""mirrored"": false, ""sender"": ""sham"", ""view"": ""clear""}","{""ci95"": [0.0, 0.0], ""mean"": 0.0, ""n"": 40, ""negative"": 0, ""positive"": 0, ""zero"": 40}",[]
01-primary-food,sham-clear-unseen-on-route-cost3-m0 minus matched-neutral-clear-unseen-on-route-cost3-m0,thief_transferred,True,40,sham-clear-unseen-on-route-cost3-m0,matched-neutral-clear-unseen-on-route-cost3-m0,"{""display_seen"": false, ""effort_cost"": 3.0, ""layout"": ""on_route"", ""mirrored"": false, ""sender"": ""sham"", ""view"": ""clear""}","{""ci95"": [0.0, 0.0], ""mean"": 0.0, ""n"": 40, ""negative"": 0, ""positive"": 0, ""zero"": 40}",[]
01-primary-food,sham-ambiguous-seen-off-route-cost0-m1 minus matched-neutral-ambiguous-seen-off-route-cost0-m1,thief_transferred,True,40,sham-ambiguous-seen-off-route-cost0-m1,matched-neutral-ambiguous-seen-off-route-cost0-m1,"{""display_seen"": true, ""effort_cost"": 0.0, ""layout"": ""off_route"", ""mirrored"": true, ""sender"": ""sham"", ""view"": ""ambiguous""}","{""ci95"": [-8.533597469625144, -4.666402530374855], ""mean"": -6.6, ""n"": 40, ""negative"": 22, ""positive"": 0, ""zero"": 18}",[]
01-primary-food,sham-ambiguous-seen-off-route-cost3-m1 minus matched-neutral-ambiguous-seen-off-route-cost3-m1,thief_transferred,True,40,sham-ambiguous-seen-off-route-cost3-m1,matched-neutral-ambiguous-seen-off-route-cost3-m1,"{""display_seen"": true, ""effort_cost"": 3.0, ""layout"": ""off_route"", ""mirrored"": true, ""sender"": ""sham"", ""view"": ""ambiguous""}","{""ci95"": [-12.0, -12.0], ""mean"": -12.0, ""n"": 40, ""negative"": 40, ""positive"": 0, ""zero"": 0}",[]
01-primary-food,sham-ambiguous-seen-on-route-cost0-m1 minus matched-neutral-ambiguous-seen-on-route-cost0-m1,thief_transferred,True,40,sham-ambiguous-seen-on-route-cost0-m1,matched-neutral-ambiguous-seen-on-route-cost0-m1,"{""display_seen"": true, ""effort_cost"": 0.0, ""layout"": ""on_route"", ""mirrored"": true, ""sender"": ""sham"", ""view"": ""ambiguous""}","{""ci95"": [0.0, 0.0], ""mean"": 0.0, ""n"": 40, ""negative"": 0, ""positive"": 0, ""zero"": 40}",[]
01-primary-food,sham-ambiguous-seen-on-route-cost3-m1 minus matched-neutral-ambiguous-seen-on-route-cost3-m1,thief_transferred,True,40,sham-ambiguous-seen-on-route-cost3-m1,matched-neutral-ambiguous-seen-on-route-cost3-m1,"{""display_seen"": true, ""effort_cost"": 3.0, ""layout"": ""on_route"", ""mirrored"": true, ""sender"": ""sham"", ""view"": ""ambiguous""}","{""ci95"": [0.0, 0.0], ""mean"": 0.0, ""n"": 40, ""negative"": 0, ""positive"": 0, ""zero"": 40}",[]
01-primary-food,sham-ambiguous-unseen-off-route-cost0-m1 minus matched-neutral-ambiguous-unseen-off-route-cost0-m1,thief_transferred,True,40,sham-ambiguous-unseen-off-route-cost0-m1,matched-neutral-ambiguous-unseen-off-route-cost0-m1,"{""display_seen"": false, ""effort_cost"": 0.0, ""layout"": ""off_route"", ""mirrored"": true, ""sender"": ""sham"", ""view"": ""ambiguous""}","{""ci95"": [0.0, 0.0], ""mean"": 0.0, ""n"": 40, ""negative"": 0, ""positive"": 0, ""zero"": 40}",[]
01-primary-food,sham-ambiguous-unseen-off-route-cost3-m1 minus matched-neutral-ambiguous-unseen-off-route-cost3-m1,thief_transferred,True,40,sham-ambiguous-unseen-off-route-cost3-m1,matched-neutral-ambiguous-unseen-off-route-cost3-m1,"{""display_seen"": false, ""effort_cost"": 3.0, ""layout"": ""off_route"", ""mirrored"": true, ""sender"": ""sham"", ""view"": ""ambiguous""}","{""ci95"": [0.0, 0.0], ""mean"": 0.0, ""n"": 40, ""negative"": 0, ""positive"": 0, ""zero"": 40}",[]
01-primary-food,sham-ambiguous-unseen-on-route-cost0-m1 minus matched-neutral-ambiguous-unseen-on-route-cost0-m1,thief_transferred,True,40,sham-ambiguous-unseen-on-route-cost0-m1,matched-neutral-ambiguous-unseen-on-route-cost0-m1,"{""display_seen"": false, ""effort_cost"": 0.0, ""layout"": ""on_route"", ""mirrored"": true, ""sender"": ""sham"", ""view"": ""ambiguous""}","{""ci95"": [0.0, 0.0], ""mean"": 0.0, ""n"": 40, ""negative"": 0, ""positive"": 0, ""zero"": 40}",[]
01-primary-food,sham-ambiguous-unseen-on-route-cost3-m1 minus matched-neutral-ambiguous-unseen-on-route-cost3-m1,thief_transferred,True,40,sham-ambiguous-unseen-on-route-cost3-m1,matched-neutral-ambiguous-unseen-on-route-cost3-m1,"{""display_seen"": false, ""effort_cost"": 3.0, ""layout"": ""on_route"", ""mirrored"": true, ""sender"": ""sham"", ""view"": ""ambiguous""}","{""ci95"": [0.0, 0.0], ""mean"": 0.0, ""n"": 40, ""negative"": 0, ""positive"": 0, ""zero"": 40}",[]
01-primary-food,sham-clear-seen-off-route-cost0-m1 minus matched-neutral-clear-seen-off-route-cost0-m1,thief_transferred,True,40,sham-clear-seen-off-route-cost0-m1,matched-neutral-clear-seen-off-route-cost0-m1,"{""display_seen"": true, ""effort_cost"": 0.0, ""layout"": ""off_route"", ""mirrored"": true, ""sender"": ""sham"", ""view"": ""clear""}","{""ci95"": [0.0, 0.0], ""mean"": 0.0, ""n"": 40, ""negative"": 0, ""positive"": 0, ""zero"": 40}",[]
01-primary-food,sham-clear-seen-off-route-cost3-m1 minus matched-neutral-clear-seen-off-route-cost3-m1,thief_transferred,True,40,sham-clear-seen-off-route-cost3-m1,matched-neutral-clear-seen-off-route-cost3-m1,"{""display_seen"": true, ""effort_cost"": 3.0, ""layout"": ""off_route"", ""mirrored"": true, ""sender"": ""sham"", ""view"": ""clear""}","{""ci95"": [0.0, 0.0], ""mean"": 0.0, ""n"": 40, ""negative"": 0, ""positive"": 0, ""zero"": 40}",[]
01-primary-food,sham-clear-seen-on-route-cost0-m1 minus matched-neutral-clear-seen-on-route-cost0-m1,thief_transferred,True,40,sham-clear-seen-on-route-cost0-m1,matched-neutral-clear-seen-on-route-cost0-m1,"{""display_seen"": true, ""effort_cost"": 0.0, ""layout"": ""on_route"", ""mirrored"": true, ""sender"": ""sham"", ""view"": ""clear""}","{""ci95"": [0.0, 0.0], ""mean"": 0.0, ""n"": 40, ""negative"": 0, ""positive"": 0, ""zero"": 40}",[]
01-primary-food,sham-clear-seen-on-route-cost3-m1 minus matched-neutral-clear-seen-on-route-cost3-m1,thief_transferred,True,40,sham-clear-seen-on-route-cost3-m1,matched-neutral-clear-seen-on-route-cost3-m1,"{""display_seen"": true, ""effort_cost"": 3.0, ""layout"": ""on_route"", ""mirrored"": true, ""sender"": ""sham"", ""view"": ""clear""}","{""ci95"": [0.0, 0.0], ""mean"": 0.0, ""n"": 40, ""negative"": 0, ""positive"": 0, ""zero"": 40}",[]
01-primary-food,sham-clear-unseen-off-route-cost0-m1 minus matched-neutral-clear-unseen-off-route-cost0-m1,thief_transferred,True,40,sham-clear-unseen-off-route-cost0-m1,matched-neutral-clear-unseen-off-route-cost0-m1,"{""display_seen"": false, ""effort_cost"": 0.0, ""layout"": ""off_route"", ""mirrored"": true, ""sender"": ""sham"", ""view"": ""clear""}","{""ci95"": [0.0, 0.0], ""mean"": 0.0, ""n"": 40, ""negative"": 0, ""positive"": 0, ""zero"": 40}",[]
01-primary-food,sham-clear-unseen-off-route-cost3-m1 minus matched-neutral-clear-unseen-off-route-cost3-m1,thief_transferred,True,40,sham-clear-unseen-off-route-cost3-m1,matched-neutral-clear-unseen-off-route-cost3-m1,"{""display_seen"": false, ""effort_cost"": 3.0, ""layout"": ""off_route"", ""mirrored"": true, ""sender"": ""sham"", ""view"": ""clear""}","{""ci95"": [0.0, 0.0], ""mean"": 0.0, ""n"": 40, ""negative"": 0, ""positive"": 0, ""zero"": 40}",[]
01-primary-food,sham-clear-unseen-on-route-cost0-m1 minus matched-neutral-clear-unseen-on-route-cost0-m1,thief_transferred,True,40,sham-clear-unseen-on-route-cost0-m1,matched-neutral-clear-unseen-on-route-cost0-m1,"{""display_seen"": false, ""effort_cost"": 0.0, ""layout"": ""on_route"", ""mirrored"": true, ""sender"": ""sham"", ""view"": ""clear""}","{""ci95"": [0.0, 0.0], ""mean"": 0.0, ""n"": 40, ""negative"": 0, ""positive"": 0, ""zero"": 40}",[]
01-primary-food,sham-clear-unseen-on-route-cost3-m1 minus matched-neutral-clear-unseen-on-route-cost3-m1,thief_transferred,True,40,sham-clear-unseen-on-route-cost3-m1,matched-neutral-clear-unseen-on-route-cost3-m1,"{""display_seen"": false, ""effort_cost"": 3.0, ""layout"": ""on_route"", ""mirrored"": true, ""sender"": ""sham"", ""view"": ""clear""}","{""ci95"": [0.0, 0.0], ""mean"": 0.0, ""n"": 40, ""negative"": 0, ""positive"": 0, ""zero"": 40}",[]
02-primary-lifetime,sham-ambiguous-seen-off-route-cost0-m0 minus matched-neutral-ambiguous-seen-off-route-cost0-m0,owner_ticks_alive,True,40,sham-ambiguous-seen-off-route-cost0-m0,matched-neutral-ambiguous-seen-off-route-cost0-m0,"{""display_seen"": true, ""effort_cost"": 0.0, ""layout"": ""off_route"", ""mirrored"": false, ""sender"": ""sham"", ""view"": ""ambiguous""}","{""ci95"": [4.666402530374855, 8.533597469625144], ""mean"": 6.6, ""n"": 40, ""negative"": 0, ""positive"": 22, ""zero"": 18}",[]
02-primary-lifetime,sham-ambiguous-seen-off-route-cost3-m0 minus matched-neutral-ambiguous-seen-off-route-cost3-m0,owner_ticks_alive,True,40,sham-ambiguous-seen-off-route-cost3-m0,matched-neutral-ambiguous-seen-off-route-cost3-m0,"{""display_seen"": true, ""effort_cost"": 3.0, ""layout"": ""off_route"", ""mirrored"": false, ""sender"": ""sham"", ""view"": ""ambiguous""}","{""ci95"": [12.0, 12.0], ""mean"": 12.0, ""n"": 40, ""negative"": 0, ""positive"": 40, ""zero"": 0}",[]
02-primary-lifetime,sham-ambiguous-seen-on-route-cost0-m0 minus matched-neutral-ambiguous-seen-on-route-cost0-m0,owner_ticks_alive,True,40,sham-ambiguous-seen-on-route-cost0-m0,matched-neutral-ambiguous-seen-on-route-cost0-m0,"{""display_seen"": true, ""effort_cost"": 0.0, ""layout"": ""on_route"", ""mirrored"": false, ""sender"": ""sham"", ""view"": ""ambiguous""}","{""ci95"": [0.0, 0.0], ""mean"": 0.0, ""n"": 40, ""negative"": 0, ""positive"": 0, ""zero"": 40}",[]
02-primary-lifetime,sham-ambiguous-seen-on-route-cost3-m0 minus matched-neutral-ambiguous-seen-on-route-cost3-m0,owner_ticks_alive,True,40,sham-ambiguous-seen-on-route-cost3-m0,matched-neutral-ambiguous-seen-on-route-cost3-m0,"{""display_seen"": true, ""effort_cost"": 3.0, ""layout"": ""on_route"", ""mirrored"": false, ""sender"": ""sham"", ""view"": ""ambiguous""}","{""ci95"": [0.0, 0.0], ""mean"": 0.0, ""n"": 40, ""negative"": 0, ""positive"": 0, ""zero"": 40}",[]
02-primary-lifetime,sham-ambiguous-unseen-off-route-cost0-m0 minus matched-neutral-ambiguous-unseen-off-route-cost0-m0,owner_ticks_alive,True,40,sham-ambiguous-unseen-off-route-cost0-m0,matched-neutral-ambiguous-unseen-off-route-cost0-m0,"{""display_seen"": false, ""effort_cost"": 0.0, ""layout"": ""off_route"", ""mirrored"": false, ""sender"": ""sham"", ""view"": ""ambiguous""}","{""ci95"": [0.0, 0.0], ""mean"": 0.0, ""n"": 40, ""negative"": 0, ""positive"": 0, ""zero"": 40}",[]
02-primary-lifetime,sham-ambiguous-unseen-off-route-cost3-m0 minus matched-neutral-ambiguous-unseen-off-route-cost3-m0,owner_ticks_alive,True,40,sham-ambiguous-unseen-off-route-cost3-m0,matched-neutral-ambiguous-unseen-off-route-cost3-m0,"{""display_seen"": false, ""effort_cost"": 3.0, ""layout"": ""off_route"", ""mirrored"": false, ""sender"": ""sham"", ""view"": ""ambiguous""}","{""ci95"": [0.0, 0.0], ""mean"": 0.0, ""n"": 40, ""negative"": 0, ""positive"": 0, ""zero"": 40}",[]
02-primary-lifetime,sham-ambiguous-unseen-on-route-cost0-m0 minus matched-neutral-ambiguous-unseen-on-route-cost0-m0,owner_ticks_alive,True,40,sham-ambiguous-unseen-on-route-cost0-m0,matched-neutral-ambiguous-unseen-on-route-cost0-m0,"{""display_seen"": false, ""effort_cost"": 0.0, ""layout"": ""on_route"", ""mirrored"": false, ""sender"": ""sham"", ""view"": ""ambiguous""}","{""ci95"": [0.0, 0.0], ""mean"": 0.0, ""n"": 40, ""negative"": 0, ""positive"": 0, ""zero"": 40}",[]
02-primary-lifetime,sham-ambiguous-unseen-on-route-cost3-m0 minus matched-neutral-ambiguous-unseen-on-route-cost3-m0,owner_ticks_alive,True,40,sham-ambiguous-unseen-on-route-cost3-m0,matched-neutral-ambiguous-unseen-on-route-cost3-m0,"{""display_seen"": false, ""effort_cost"": 3.0, ""layout"": ""on_route"", ""mirrored"": false, ""sender"": ""sham"", ""view"": ""ambiguous""}","{""ci95"": [0.0, 0.0], ""mean"": 0.0, ""n"": 40, ""negative"": 0, ""positive"": 0, ""zero"": 40}",[]
02-primary-lifetime,sham-clear-seen-off-route-cost0-m0 minus matched-neutral-clear-seen-off-route-cost0-m0,owner_ticks_alive,True,40,sham-clear-seen-off-route-cost0-m0,matched-neutral-clear-seen-off-route-cost0-m0,"{""display_seen"": true, ""effort_cost"": 0.0, ""layout"": ""off_route"", ""mirrored"": false, ""sender"": ""sham"", ""view"": ""clear""}","{""ci95"": [0.0, 0.0], ""mean"": 0.0, ""n"": 40, ""negative"": 0, ""positive"": 0, ""zero"": 40}",[]
02-primary-lifetime,sham-clear-seen-off-route-cost3-m0 minus matched-neutral-clear-seen-off-route-cost3-m0,owner_ticks_alive,True,40,sham-clear-seen-off-route-cost3-m0,matched-neutral-clear-seen-off-route-cost3-m0,"{""display_seen"": true, ""effort_cost"": 3.0, ""layout"": ""off_route"", ""mirrored"": false, ""sender"": ""sham"", ""view"": ""clear""}","{""ci95"": [0.0, 0.0], ""mean"": 0.0, ""n"": 40, ""negative"": 0, ""positive"": 0, ""zero"": 40}",[]
02-primary-lifetime,sham-clear-seen-on-route-cost0-m0 minus matched-neutral-clear-seen-on-route-cost0-m0,owner_ticks_alive,True,40,sham-clear-seen-on-route-cost0-m0,matched-neutral-clear-seen-on-route-cost0-m0,"{""display_seen"": true, ""effort_cost"": 0.0, ""layout"": ""on_route"", ""mirrored"": false, ""sender"": ""sham"", ""view"": ""clear""}","{""ci95"": [0.0, 0.0], ""mean"": 0.0, ""n"": 40, ""negative"": 0, ""positive"": 0, ""zero"": 40}",[]
02-primary-lifetime,sham-clear-seen-on-route-cost3-m0 minus matched-neutral-clear-seen-on-route-cost3-m0,owner_ticks_alive,True,40,sham-clear-seen-on-route-cost3-m0,matched-neutral-clear-seen-on-route-cost3-m0,"{""display_seen"": true, ""effort_cost"": 3.0, ""layout"": ""on_route"", ""mirrored"": false, ""sender"": ""sham"", ""view"": ""clear""}","{""ci95"": [0.0, 0.0], ""mean"": 0.0, ""n"": 40, ""negative"": 0, ""positive"": 0, ""zero"": 40}",[]
02-primary-lifetime,sham-clear-unseen-off-route-cost0-m0 minus matched-neutral-clear-unseen-off-route-cost0-m0,owner_ticks_alive,True,40,sham-clear-unseen-off-route-cost0-m0,matched-neutral-clear-unseen-off-route-cost0-m0,"{""display_seen"": false, ""effort_cost"": 0.0, ""layout"": ""off_route"", ""mirrored"": false, ""sender"": ""sham"", ""view"": ""clear""}","{""ci95"": [0.0, 0.0], ""mean"": 0.0, ""n"": 40, ""negative"": 0, ""positive"": 0, ""zero"": 40}",[]
02-primary-lifetime,sham-clear-unseen-off-route-cost3-m0 minus matched-neutral-clear-unseen-off-route-cost3-m0,owner_ticks_alive,True,40,sham-clear-unseen-off-route-cost3-m0,matched-neutral-clear-unseen-off-route-cost3-m0,"{""display_seen"": false, ""effort_cost"": 3.0, ""layout"": ""off_route"", ""mirrored"": false, ""sender"": ""sham"", ""view"": ""clear""}","{""ci95"": [0.0, 0.0], ""mean"": 0.0, ""n"": 40, ""negative"": 0, ""positive"": 0, ""zero"": 40}",[]
02-primary-lifetime,sham-clear-unseen-on-route-cost0-m0 minus matched-neutral-clear-unseen-on-route-cost0-m0,owner_ticks_alive,True,40,sham-clear-unseen-on-route-cost0-m0,matched-neutral-clear-unseen-on-route-cost0-m0,"{""display_seen"": false, ""effort_cost"": 0.0, ""layout"": ""on_route"", ""mirrored"": false, ""sender"": ""sham"", ""view"": ""clear""}","{""ci95"": [0.0, 0.0], ""mean"": 0.0, ""n"": 40, ""negative"": 0, ""positive"": 0, ""zero"": 40}",[]
02-primary-lifetime,sham-clear-unseen-on-route-cost3-m0 minus matched-neutral-clear-unseen-on-route-cost3-m0,owner_ticks_alive,True,40,sham-clear-unseen-on-route-cost3-m0,matched-neutral-clear-unseen-on-route-cost3-m0,"{""display_seen"": false, ""effort_cost"": 3.0, ""layout"": ""on_route"", ""mirrored"": false, ""sender"": ""sham"", ""view"": ""clear""}","{""ci95"": [0.0, 0.0], ""mean"": 0.0, ""n"": 40, ""negative"": 0, ""positive"": 0, ""zero"": 40}",[]
02-primary-lifetime,sham-ambiguous-seen-off-route-cost0-m1 minus matched-neutral-ambiguous-seen-off-route-cost0-m1,owner_ticks_alive,True,40,sham-ambiguous-seen-off-route-cost0-m1,matched-neutral-ambiguous-seen-off-route-cost0-m1,"{""display_seen"": true, ""effort_cost"": 0.0, ""layout"": ""off_route"", ""mirrored"": true, ""sender"": ""sham"", ""view"": ""ambiguous""}","{""ci95"": [4.666402530374855, 8.533597469625144], ""mean"": 6.6, ""n"": 40, ""negative"": 0, ""positive"": 22, ""zero"": 18}",[]
02-primary-lifetime,sham-ambiguous-seen-off-route-cost3-m1 minus matched-neutral-ambiguous-seen-off-route-cost3-m1,owner_ticks_alive,True,40,sham-ambiguous-seen-off-route-cost3-m1,matched-neutral-ambiguous-seen-off-route-cost3-m1,"{""display_seen"": true, ""effort_cost"": 3.0, ""layout"": ""off_route"", ""mirrored"": true, ""sender"": ""sham"", ""view"": ""ambiguous""}","{""ci95"": [12.0, 12.0], ""mean"": 12.0, ""n"": 40, ""negative"": 0, ""positive"": 40, ""zero"": 0}",[]
02-primary-lifetime,sham-ambiguous-seen-on-route-cost0-m1 minus matched-neutral-ambiguous-seen-on-route-cost0-m1,owner_ticks_alive,True,40,sham-ambiguous-seen-on-route-cost0-m1,matched-neutral-ambiguous-seen-on-route-cost0-m1,"{""display_seen"": true, ""effort_cost"": 0.0, ""layout"": ""on_route"", ""mirrored"": true, ""sender"": ""sham"", ""view"": ""ambiguous""}","{""ci95"": [0.0, 0.0], ""mean"": 0.0, ""n"": 40, ""negative"": 0, ""positive"": 0, ""zero"": 40}",[]
02-primary-lifetime,sham-ambiguous-seen-on-route-cost3-m1 minus matched-neutral-ambiguous-seen-on-route-cost3-m1,owner_ticks_alive,True,40,sham-ambiguous-seen-on-route-cost3-m1,matched-neutral-ambiguous-seen-on-route-cost3-m1,"{""display_seen"": true, ""effort_cost"": 3.0, ""layout"": ""on_route"", ""mirrored"": true, ""sender"": ""sham"", ""view"": ""ambiguous""}","{""ci95"": [0.0, 0.0], ""mean"": 0.0, ""n"": 40, ""negative"": 0, ""positive"": 0, ""zero"": 40}",[]
02-primary-lifetime,sham-ambiguous-unseen-off-route-cost0-m1 minus matched-neutral-ambiguous-unseen-off-route-cost0-m1,owner_ticks_alive,True,40,sham-ambiguous-unseen-off-route-cost0-m1,matched-neutral-ambiguous-unseen-off-route-cost0-m1,"{""display_seen"": false, ""effort_cost"": 0.0, ""layout"": ""off_route"", ""mirrored"": true, ""sender"": ""sham"", ""view"": ""ambiguous""}","{""ci95"": [0.0, 0.0], ""mean"": 0.0, ""n"": 40, ""negative"": 0, ""positive"": 0, ""zero"": 40}",[]
02-primary-lifetime,sham-ambiguous-unseen-off-route-cost3-m1 minus matched-neutral-ambiguous-unseen-off-route-cost3-m1,owner_ticks_alive,True,40,sham-ambiguous-unseen-off-route-cost3-m1,matched-neutral-ambiguous-unseen-off-route-cost3-m1,"{""display_seen"": false, ""effort_cost"": 3.0, ""layout"": ""off_route"", ""mirrored"": true, ""sender"": ""sham"", ""view"": ""ambiguous""}","{""ci95"": [0.0, 0.0], ""mean"": 0.0, ""n"": 40, ""negative"": 0, ""positive"": 0, ""zero"": 40}",[]
02-primary-lifetime,sham-ambiguous-unseen-on-route-cost0-m1 minus matched-neutral-ambiguous-unseen-on-route-cost0-m1,owner_ticks_alive,True,40,sham-ambiguous-unseen-on-route-cost0-m1,matched-neutral-ambiguous-unseen-on-route-cost0-m1,"{""display_seen"": false, ""effort_cost"": 0.0, ""layout"": ""on_route"", ""mirrored"": true, ""sender"": ""sham"", ""view"": ""ambiguous""}","{""ci95"": [0.0, 0.0], ""mean"": 0.0, ""n"": 40, ""negative"": 0, ""positive"": 0, ""zero"": 40}",[]
02-primary-lifetime,sham-ambiguous-unseen-on-route-cost3-m1 minus matched-neutral-ambiguous-unseen-on-route-cost3-m1,owner_ticks_alive,True,40,sham-ambiguous-unseen-on-route-cost3-m1,matched-neutral-ambiguous-unseen-on-route-cost3-m1,"{""display_seen"": false, ""effort_cost"": 3.0, ""layout"": ""on_route"", ""mirrored"": true, ""sender"": ""sham"", ""view"": ""ambiguous""}","{""ci95"": [0.0, 0.0], ""mean"": 0.0, ""n"": 40, ""negative"": 0, ""positive"": 0, ""zero"": 40}",[]
02-primary-lifetime,sham-clear-seen-off-route-cost0-m1 minus matched-neutral-clear-seen-off-route-cost0-m1,owner_ticks_alive,True,40,sham-clear-seen-off-route-cost0-m1,matched-neutral-clear-seen-off-route-cost0-m1,"{""display_seen"": true, ""effort_cost"": 0.0, ""layout"": ""off_route"", ""mirrored"": true, ""sender"": ""sham"", ""view"": ""clear""}","{""ci95"": [0.0, 0.0], ""mean"": 0.0, ""n"": 40, ""negative"": 0, ""positive"": 0, ""zero"": 40}",[]
02-primary-lifetime,sham-clear-seen-off-route-cost3-m1 minus matched-neutral-clear-seen-off-route-cost3-m1,owner_ticks_alive,True,40,sham-clear-seen-off-route-cost3-m1,matched-neutral-clear-seen-off-route-cost3-m1,"{""display_seen"": true, ""effort_cost"": 3.0, ""layout"": ""off_route"", ""mirrored"": true, ""sender"": ""sham"", ""view"": ""clear""}","{""ci95"": [0.0, 0.0], ""mean"": 0.0, ""n"": 40, ""negative"": 0, ""positive"": 0, ""zero"": 40}",[]
02-primary-lifetime,sham-clear-seen-on-route-cost0-m1 minus matched-neutral-clear-seen-on-route-cost0-m1,owner_ticks_alive,True,40,sham-clear-seen-on-route-cost0-m1,matched-neutral-clear-seen-on-route-cost0-m1,"{""display_seen"": true, ""effort_cost"": 0.0, ""layout"": ""on_route"", ""mirrored"": true, ""sender"": ""sham"", ""view"": ""clear""}","{""ci95"": [0.0, 0.0], ""mean"": 0.0, ""n"": 40, ""negative"": 0, ""positive"": 0, ""zero"": 40}",[]
02-primary-lifetime,sham-clear-seen-on-route-cost3-m1 minus matched-neutral-clear-seen-on-route-cost3-m1,owner_ticks_alive,True,40,sham-clear-seen-on-route-cost3-m1,matched-neutral-clear-seen-on-route-cost3-m1,"{""display_seen"": true, ""effort_cost"": 3.0, ""layout"": ""on_route"", ""mirrored"": true, ""sender"": ""sham"", ""view"": ""clear""}","{""ci95"": [0.0, 0.0], ""mean"": 0.0, ""n"": 40, ""negative"": 0, ""positive"": 0, ""zero"": 40}",[]
02-primary-lifetime,sham-clear-unseen-off-route-cost0-m1 minus matched-neutral-clear-unseen-off-route-cost0-m1,owner_ticks_alive,True,40,sham-clear-unseen-off-route-cost0-m1,matched-neutral-clear-unseen-off-route-cost0-m1,"{""display_seen"": false, ""effort_cost"": 0.0, ""layout"": ""off_route"", ""mirrored"": true, ""sender"": ""sham"", ""view"": ""clear""}","{""ci95"": [0.0, 0.0], ""mean"": 0.0, ""n"": 40, ""negative"": 0, ""positive"": 0, ""zero"": 40}",[]
02-primary-lifetime,sham-clear-unseen-off-route-cost3-m1 minus matched-neutral-clear-unseen-off-route-cost3-m1,owner_ticks_alive,True,40,sham-clear-unseen-off-route-cost3-m1,matched-neutral-clear-unseen-off-route-cost3-m1,"{""display_seen"": false, ""effort_cost"": 3.0, ""layout"": ""off_route"", ""mirrored"": true, ""sender"": ""sham"", ""view"": ""clear""}","{""ci95"": [0.0, 0.0], ""mean"": 0.0, ""n"": 40, ""negative"": 0, ""positive"": 0, ""zero"": 40}",[]
02-primary-lifetime,sham-clear-unseen-on-route-cost0-m1 minus matched-neutral-clear-unseen-on-route-cost0-m1,owner_ticks_alive,True,40,sham-clear-unseen-on-route-cost0-m1,matched-neutral-clear-unseen-on-route-cost0-m1,"{""display_seen"": false, ""effort_cost"": 0.0, ""layout"": ""on_route"", ""mirrored"": true, ""sender"": ""sham"", ""view"": ""clear""}","{""ci95"": [0.0, 0.0], ""mean"": 0.0, ""n"": 40, ""negative"": 0, ""positive"": 0, ""zero"": 40}",[]
02-primary-lifetime,sham-clear-unseen-on-route-cost3-m1 minus matched-neutral-clear-unseen-on-route-cost3-m1,owner_ticks_alive,True,40,sham-clear-unseen-on-route-cost3-m1,matched-neutral-clear-unseen-on-route-cost3-m1,"{""display_seen"": false, ""effort_cost"": 3.0, ""layout"": ""on_route"", ""mirrored"": true, ""sender"": ""sham"", ""view"": ""clear""}","{""ci95"": [0.0, 0.0], ""mean"": 0.0, ""n"": 40, ""negative"": 0, ""positive"": 0, ""zero"": 40}",[]
03-secondary-food,sham-ambiguous-seen-off-route-cost0-m0 minus ordinary-ambiguous-seen-off-route-cost0-m0,thief_transferred,False,40,sham-ambiguous-seen-off-route-cost0-m0,ordinary-ambiguous-seen-off-route-cost0-m0,"{""display_seen"": true, ""effort_cost"": 0.0, ""layout"": ""off_route"", ""mirrored"": false, ""sender"": ""sham"", ""view"": ""ambiguous""}","{""ci95"": [-8.533597469625144, -4.666402530374855], ""mean"": -6.6, ""n"": 40, ""negative"": 22, ""positive"": 0, ""zero"": 18}",[]
03-secondary-food,sham-ambiguous-seen-off-route-cost3-m0 minus ordinary-ambiguous-seen-off-route-cost3-m0,thief_transferred,False,40,sham-ambiguous-seen-off-route-cost3-m0,ordinary-ambiguous-seen-off-route-cost3-m0,"{""display_seen"": true, ""effort_cost"": 3.0, ""layout"": ""off_route"", ""mirrored"": false, ""sender"": ""sham"", ""view"": ""ambiguous""}","{""ci95"": [-12.0, -12.0], ""mean"": -12.0, ""n"": 40, ""negative"": 40, ""positive"": 0, ""zero"": 0}",[]
03-secondary-food,sham-ambiguous-seen-on-route-cost0-m0 minus ordinary-ambiguous-seen-on-route-cost0-m0,thief_transferred,False,40,sham-ambiguous-seen-on-route-cost0-m0,ordinary-ambiguous-seen-on-route-cost0-m0,"{""display_seen"": true, ""effort_cost"": 0.0, ""layout"": ""on_route"", ""mirrored"": false, ""sender"": ""sham"", ""view"": ""ambiguous""}","{""ci95"": [0.0, 0.0], ""mean"": 0.0, ""n"": 40, ""negative"": 0, ""positive"": 0, ""zero"": 40}",[]
03-secondary-food,sham-ambiguous-seen-on-route-cost3-m0 minus ordinary-ambiguous-seen-on-route-cost3-m0,thief_transferred,False,40,sham-ambiguous-seen-on-route-cost3-m0,ordinary-ambiguous-seen-on-route-cost3-m0,"{""display_seen"": true, ""effort_cost"": 3.0, ""layout"": ""on_route"", ""mirrored"": false, ""sender"": ""sham"", ""view"": ""ambiguous""}","{""ci95"": [0.0, 0.0], ""mean"": 0.0, ""n"": 40, ""negative"": 0, ""positive"": 0, ""zero"": 40}",[]
03-secondary-food,sham-ambiguous-unseen-off-route-cost0-m0 minus ordinary-ambiguous-unseen-off-route-cost0-m0,thief_transferred,False,40,sham-ambiguous-unseen-off-route-cost0-m0,ordinary-ambiguous-unseen-off-route-cost0-m0,"{""display_seen"": false, ""effort_cost"": 0.0, ""layout"": ""off_route"", ""mirrored"": false, ""sender"": ""sham"", ""view"": ""ambiguous""}","{""ci95"": [0.0, 0.0], ""mean"": 0.0, ""n"": 40, ""negative"": 0, ""positive"": 0, ""zero"": 40}",[]
03-secondary-food,sham-ambiguous-unseen-off-route-cost3-m0 minus ordinary-ambiguous-unseen-off-route-cost3-m0,thief_transferred,False,40,sham-ambiguous-unseen-off-route-cost3-m0,ordinary-ambiguous-unseen-off-route-cost3-m0,"{""display_seen"": false, ""effort_cost"": 3.0, ""layout"": ""off_route"", ""mirrored"": false, ""sender"": ""sham"", ""view"": ""ambiguous""}","{""ci95"": [0.0, 0.0], ""mean"": 0.0, ""n"": 40, ""negative"": 0, ""positive"": 0, ""zero"": 40}",[]
03-secondary-food,sham-ambiguous-unseen-on-route-cost0-m0 minus ordinary-ambiguous-unseen-on-route-cost0-m0,thief_transferred,False,40,sham-ambiguous-unseen-on-route-cost0-m0,ordinary-ambiguous-unseen-on-route-cost0-m0,"{""display_seen"": false, ""effort_cost"": 0.0, ""layout"": ""on_route"", ""mirrored"": false, ""sender"": ""sham"", ""view"": ""ambiguous""}","{""ci95"": [0.0, 0.0], ""mean"": 0.0, ""n"": 40, ""negative"": 0, ""positive"": 0, ""zero"": 40}",[]
03-secondary-food,sham-ambiguous-unseen-on-route-cost3-m0 minus ordinary-ambiguous-unseen-on-route-cost3-m0,thief_transferred,False,40,sham-ambiguous-unseen-on-route-cost3-m0,ordinary-ambiguous-unseen-on-route-cost3-m0,"{""display_seen"": false, ""effort_cost"": 3.0, ""layout"": ""on_route"", ""mirrored"": false, ""sender"": ""sham"", ""view"": ""ambiguous""}","{""ci95"": [0.0, 0.0], ""mean"": 0.0, ""n"": 40, ""negative"": 0, ""positive"": 0, ""zero"": 40}",[]
03-secondary-food,sham-clear-seen-off-route-cost0-m0 minus ordinary-clear-seen-off-route-cost0-m0,thief_transferred,False,40,sham-clear-seen-off-route-cost0-m0,ordinary-clear-seen-off-route-cost0-m0,"{""display_seen"": true, ""effort_cost"": 0.0, ""layout"": ""off_route"", ""mirrored"": false, ""sender"": ""sham"", ""view"": ""clear""}","{""ci95"": [0.0, 0.0], ""mean"": 0.0, ""n"": 40, ""negative"": 0, ""positive"": 0, ""zero"": 40}",[]
03-secondary-food,sham-clear-seen-off-route-cost3-m0 minus ordinary-clear-seen-off-route-cost3-m0,thief_transferred,False,40,sham-clear-seen-off-route-cost3-m0,ordinary-clear-seen-off-route-cost3-m0,"{""display_seen"": true, ""effort_cost"": 3.0, ""layout"": ""off_route"", ""mirrored"": false, ""sender"": ""sham"", ""view"": ""clear""}","{""ci95"": [0.0, 0.0], ""mean"": 0.0, ""n"": 40, ""negative"": 0, ""positive"": 0, ""zero"": 40}",[]
03-secondary-food,sham-clear-seen-on-route-cost0-m0 minus ordinary-clear-seen-on-route-cost0-m0,thief_transferred,False,40,sham-clear-seen-on-route-cost0-m0,ordinary-clear-seen-on-route-cost0-m0,"{""display_seen"": true, ""effort_cost"": 0.0, ""layout"": ""on_route"", ""mirrored"": false, ""sender"": ""sham"", ""view"": ""clear""}","{""ci95"": [0.0, 0.0], ""mean"": 0.0, ""n"": 40, ""negative"": 0, ""positive"": 0, ""zero"": 40}",[]
03-secondary-food,sham-clear-seen-on-route-cost3-m0 minus ordinary-clear-seen-on-route-cost3-m0,thief_transferred,False,40,sham-clear-seen-on-route-cost3-m0,ordinary-clear-seen-on-route-cost3-m0,"{""display_seen"": true, ""effort_cost"": 3.0, ""layout"": ""on_route"", ""mirrored"": false, ""sender"": ""sham"", ""view"": ""clear""}","{""ci95"": [0.0, 0.0], ""mean"": 0.0, ""n"": 40, ""negative"": 0, ""positive"": 0, ""zero"": 40}",[]
03-secondary-food,sham-clear-unseen-off-route-cost0-m0 minus ordinary-clear-unseen-off-route-cost0-m0,thief_transferred,False,40,sham-clear-unseen-off-route-cost0-m0,ordinary-clear-unseen-off-route-cost0-m0,"{""display_seen"": false, ""effort_cost"": 0.0, ""layout"": ""off_route"", ""mirrored"": false, ""sender"": ""sham"", ""view"": ""clear""}","{""ci95"": [0.0, 0.0], ""mean"": 0.0, ""n"": 40, ""negative"": 0, ""positive"": 0, ""zero"": 40}",[]
03-secondary-food,sham-clear-unseen-off-route-cost3-m0 minus ordinary-clear-unseen-off-route-cost3-m0,thief_transferred,False,40,sham-clear-unseen-off-route-cost3-m0,ordinary-clear-unseen-off-route-cost3-m0,"{""display_seen"": false, ""effort_cost"": 3.0, ""layout"": ""off_route"", ""mirrored"": false, ""sender"": ""sham"", ""view"": ""clear""}","{""ci95"": [0.0, 0.0], ""mean"": 0.0, ""n"": 40, ""negative"": 0, ""positive"": 0, ""zero"": 40}",[]
03-secondary-food,sham-clear-unseen-on-route-cost0-m0 minus ordinary-clear-unseen-on-route-cost0-m0,thief_transferred,False,40,sham-clear-unseen-on-route-cost0-m0,ordinary-clear-unseen-on-route-cost0-m0,"{""display_seen"": false, ""effort_cost"": 0.0, ""layout"": ""on_route"", ""mirrored"": false, ""sender"": ""sham"", ""view"": ""clear""}","{""ci95"": [0.0, 0.0], ""mean"": 0.0, ""n"": 40, ""negative"": 0, ""positive"": 0, ""zero"": 40}",[]
03-secondary-food,sham-clear-unseen-on-route-cost3-m0 minus ordinary-clear-unseen-on-route-cost3-m0,thief_transferred,False,40,sham-clear-unseen-on-route-cost3-m0,ordinary-clear-unseen-on-route-cost3-m0,"{""display_seen"": false, ""effort_cost"": 3.0, ""layout"": ""on_route"", ""mirrored"": false, ""sender"": ""sham"", ""view"": ""clear""}","{""ci95"": [0.0, 0.0], ""mean"": 0.0, ""n"": 40, ""negative"": 0, ""positive"": 0, ""zero"": 40}",[]
03-secondary-food,sham-ambiguous-seen-off-route-cost0-m1 minus ordinary-ambiguous-seen-off-route-cost0-m1,thief_transferred,False,40,sham-ambiguous-seen-off-route-cost0-m1,ordinary-ambiguous-seen-off-route-cost0-m1,"{""display_seen"": true, ""effort_cost"": 0.0, ""layout"": ""off_route"", ""mirrored"": true, ""sender"": ""sham"", ""view"": ""ambiguous""}","{""ci95"": [-8.533597469625144, -4.666402530374855], ""mean"": -6.6, ""n"": 40, ""negative"": 22, ""positive"": 0, ""zero"": 18}",[]
03-secondary-food,sham-ambiguous-seen-off-route-cost3-m1 minus ordinary-ambiguous-seen-off-route-cost3-m1,thief_transferred,False,40,sham-ambiguous-seen-off-route-cost3-m1,ordinary-ambiguous-seen-off-route-cost3-m1,"{""display_seen"": true, ""effort_cost"": 3.0, ""layout"": ""off_route"", ""mirrored"": true, ""sender"": ""sham"", ""view"": ""ambiguous""}","{""ci95"": [-12.0, -12.0], ""mean"": -12.0, ""n"": 40, ""negative"": 40, ""positive"": 0, ""zero"": 0}",[]
03-secondary-food,sham-ambiguous-seen-on-route-cost0-m1 minus ordinary-ambiguous-seen-on-route-cost0-m1,thief_transferred,False,40,sham-ambiguous-seen-on-route-cost0-m1,ordinary-ambiguous-seen-on-route-cost0-m1,"{""display_seen"": true, ""effort_cost"": 0.0, ""layout"": ""on_route"", ""mirrored"": true, ""sender"": ""sham"", ""view"": ""ambiguous""}","{""ci95"": [0.0, 0.0], ""mean"": 0.0, ""n"": 40, ""negative"": 0, ""positive"": 0, ""zero"": 40}",[]
03-secondary-food,sham-ambiguous-seen-on-route-cost3-m1 minus ordinary-ambiguous-seen-on-route-cost3-m1,thief_transferred,False,40,sham-ambiguous-seen-on-route-cost3-m1,ordinary-ambiguous-seen-on-route-cost3-m1,"{""display_seen"": true, ""effort_cost"": 3.0, ""layout"": ""on_route"", ""mirrored"": true, ""sender"": ""sham"", ""view"": ""ambiguous""}","{""ci95"": [0.0, 0.0], ""mean"": 0.0, ""n"": 40, ""negative"": 0, ""positive"": 0, ""zero"": 40}",[]
03-secondary-food,sham-ambiguous-unseen-off-route-cost0-m1 minus ordinary-ambiguous-unseen-off-route-cost0-m1,thief_transferred,False,40,sham-ambiguous-unseen-off-route-cost0-m1,ordinary-ambiguous-unseen-off-route-cost0-m1,"{""display_seen"": false, ""effort_cost"": 0.0, ""layout"": ""off_route"", ""mirrored"": true, ""sender"": ""sham"", ""view"": ""ambiguous""}","{""ci95"": [0.0, 0.0], ""mean"": 0.0, ""n"": 40, ""negative"": 0, ""positive"": 0, ""zero"": 40}",[]
03-secondary-food,sham-ambiguous-unseen-off-route-cost3-m1 minus ordinary-ambiguous-unseen-off-route-cost3-m1,thief_transferred,False,40,sham-ambiguous-unseen-off-route-cost3-m1,ordinary-ambiguous-unseen-off-route-cost3-m1,"{""display_seen"": false, ""effort_cost"": 3.0, ""layout"": ""off_route"", ""mirrored"": true, ""sender"": ""sham"", ""view"": ""ambiguous""}","{""ci95"": [0.0, 0.0], ""mean"": 0.0, ""n"": 40, ""negative"": 0, ""positive"": 0, ""zero"": 40}",[]
03-secondary-food,sham-ambiguous-unseen-on-route-cost0-m1 minus ordinary-ambiguous-unseen-on-route-cost0-m1,thief_transferred,False,40,sham-ambiguous-unseen-on-route-cost0-m1,ordinary-ambiguous-unseen-on-route-cost0-m1,"{""display_seen"": false, ""effort_cost"": 0.0, ""layout"": ""on_route"", ""mirrored"": true, ""sender"": ""sham"", ""view"": ""ambiguous""}","{""ci95"": [0.0, 0.0], ""mean"": 0.0, ""n"": 40, ""negative"": 0, ""positive"": 0, ""zero"": 40}",[]
03-secondary-food,sham-ambiguous-unseen-on-route-cost3-m1 minus ordinary-ambiguous-unseen-on-route-cost3-m1,thief_transferred,False,40,sham-ambiguous-unseen-on-route-cost3-m1,ordinary-ambiguous-unseen-on-route-cost3-m1,"{""display_seen"": false, ""effort_cost"": 3.0, ""layout"": ""on_route"", ""mirrored"": true, ""sender"": ""sham"", ""view"": ""ambiguous""}","{""ci95"": [0.0, 0.0], ""mean"": 0.0, ""n"": 40, ""negative"": 0, ""positive"": 0, ""zero"": 40}",[]
03-secondary-food,sham-clear-seen-off-route-cost0-m1 minus ordinary-clear-seen-off-route-cost0-m1,thief_transferred,False,40,sham-clear-seen-off-route-cost0-m1,ordinary-clear-seen-off-route-cost0-m1,"{""display_seen"": true, ""effort_cost"": 0.0, ""layout"": ""off_route"", ""mirrored"": true, ""sender"": ""sham"", ""view"": ""clear""}","{""ci95"": [0.0, 0.0], ""mean"": 0.0, ""n"": 40, ""negative"": 0, ""positive"": 0, ""zero"": 40}",[]
03-secondary-food,sham-clear-seen-off-route-cost3-m1 minus ordinary-clear-seen-off-route-cost3-m1,thief_transferred,False,40,sham-clear-seen-off-route-cost3-m1,ordinary-clear-seen-off-route-cost3-m1,"{""display_seen"": true, ""effort_cost"": 3.0, ""layout"": ""off_route"", ""mirrored"": true, ""sender"": ""sham"", ""view"": ""clear""}","{""ci95"": [0.0, 0.0], ""mean"": 0.0, ""n"": 40, ""negative"": 0, ""positive"": 0, ""zero"": 40}",[]
03-secondary-food,sham-clear-seen-on-route-cost0-m1 minus ordinary-clear-seen-on-route-cost0-m1,thief_transferred,False,40,sham-clear-seen-on-route-cost0-m1,ordinary-clear-seen-on-route-cost0-m1,"{""display_seen"": true, ""effort_cost"": 0.0, ""layout"": ""on_route"", ""mirrored"": true, ""sender"": ""sham"", ""view"": ""clear""}","{""ci95"": [0.0, 0.0], ""mean"": 0.0, ""n"": 40, ""negative"": 0, ""positive"": 0, ""zero"": 40}",[]
03-secondary-food,sham-clear-seen-on-route-cost3-m1 minus ordinary-clear-seen-on-route-cost3-m1,thief_transferred,False,40,sham-clear-seen-on-route-cost3-m1,ordinary-clear-seen-on-route-cost3-m1,"{""display_seen"": true, ""effort_cost"": 3.0, ""layout"": ""on_route"", ""mirrored"": true, ""sender"": ""sham"", ""view"": ""clear""}","{""ci95"": [0.0, 0.0], ""mean"": 0.0, ""n"": 40, ""negative"": 0, ""positive"": 0, ""zero"": 40}",[]
03-secondary-food,sham-clear-unseen-off-route-cost0-m1 minus ordinary-clear-unseen-off-route-cost0-m1,thief_transferred,False,40,sham-clear-unseen-off-route-cost0-m1,ordinary-clear-unseen-off-route-cost0-m1,"{""display_seen"": false, ""effort_cost"": 0.0, ""layout"": ""off_route"", ""mirrored"": true, ""sender"": ""sham"", ""view"": ""clear""}","{""ci95"": [0.0, 0.0], ""mean"": 0.0, ""n"": 40, ""negative"": 0, ""positive"": 0, ""zero"": 40}",[]
03-secondary-food,sham-clear-unseen-off-route-cost3-m1 minus ordinary-clear-unseen-off-route-cost3-m1,thief_transferred,False,40,sham-clear-unseen-off-route-cost3-m1,ordinary-clear-unseen-off-route-cost3-m1,"{""display_seen"": false, ""effort_cost"": 3.0, ""layout"": ""off_route"", ""mirrored"": true, ""sender"": ""sham"", ""view"": ""clear""}","{""ci95"": [0.0, 0.0], ""mean"": 0.0, ""n"": 40, ""negative"": 0, ""positive"": 0, ""zero"": 40}",[]
03-secondary-food,sham-clear-unseen-on-route-cost0-m1 minus ordinary-clear-unseen-on-route-cost0-m1,thief_transferred,False,40,sham-clear-unseen-on-route-cost0-m1,ordinary-clear-unseen-on-route-cost0-m1,"{""display_seen"": false, ""effort_cost"": 0.0, ""layout"": ""on_route"", ""mirrored"": true, ""sender"": ""sham"", ""view"": ""clear""}","{""ci95"": [0.0, 0.0], ""mean"": 0.0, ""n"": 40, ""negative"": 0, ""positive"": 0, ""zero"": 40}",[]
03-secondary-food,sham-clear-unseen-on-route-cost3-m1 minus ordinary-clear-unseen-on-route-cost3-m1,thief_transferred,False,40,sham-clear-unseen-on-route-cost3-m1,ordinary-clear-unseen-on-route-cost3-m1,"{""display_seen"": false, ""effort_cost"": 3.0, ""layout"": ""on_route"", ""mirrored"": true, ""sender"": ""sham"", ""view"": ""clear""}","{""ci95"": [0.0, 0.0], ""mean"": 0.0, ""n"": 40, ""negative"": 0, ""positive"": 0, ""zero"": 40}",[]
04-secondary-lifetime,sham-ambiguous-seen-off-route-cost0-m0 minus ordinary-ambiguous-seen-off-route-cost0-m0,owner_ticks_alive,False,40,sham-ambiguous-seen-off-route-cost0-m0,ordinary-ambiguous-seen-off-route-cost0-m0,"{""display_seen"": true, ""effort_cost"": 0.0, ""layout"": ""off_route"", ""mirrored"": false, ""sender"": ""sham"", ""view"": ""ambiguous""}","{""ci95"": [4.666402530374855, 8.533597469625144], ""mean"": 6.6, ""n"": 40, ""negative"": 0, ""positive"": 22, ""zero"": 18}",[]
04-secondary-lifetime,sham-ambiguous-seen-off-route-cost3-m0 minus ordinary-ambiguous-seen-off-route-cost3-m0,owner_ticks_alive,False,40,sham-ambiguous-seen-off-route-cost3-m0,ordinary-ambiguous-seen-off-route-cost3-m0,"{""display_seen"": true, ""effort_cost"": 3.0, ""layout"": ""off_route"", ""mirrored"": false, ""sender"": ""sham"", ""view"": ""ambiguous""}","{""ci95"": [9.0, 9.0], ""mean"": 9.0, ""n"": 40, ""negative"": 0, ""positive"": 40, ""zero"": 0}",[]
04-secondary-lifetime,sham-ambiguous-seen-on-route-cost0-m0 minus ordinary-ambiguous-seen-on-route-cost0-m0,owner_ticks_alive,False,40,sham-ambiguous-seen-on-route-cost0-m0,ordinary-ambiguous-seen-on-route-cost0-m0,"{""display_seen"": true, ""effort_cost"": 0.0, ""layout"": ""on_route"", ""mirrored"": false, ""sender"": ""sham"", ""view"": ""ambiguous""}","{""ci95"": [0.0, 0.0], ""mean"": 0.0, ""n"": 40, ""negative"": 0, ""positive"": 0, ""zero"": 40}",[]
04-secondary-lifetime,sham-ambiguous-seen-on-route-cost3-m0 minus ordinary-ambiguous-seen-on-route-cost3-m0,owner_ticks_alive,False,40,sham-ambiguous-seen-on-route-cost3-m0,ordinary-ambiguous-seen-on-route-cost3-m0,"{""display_seen"": true, ""effort_cost"": 3.0, ""layout"": ""on_route"", ""mirrored"": false, ""sender"": ""sham"", ""view"": ""ambiguous""}","{""ci95"": [-3.0, -3.0], ""mean"": -3.0, ""n"": 40, ""negative"": 40, ""positive"": 0, ""zero"": 0}",[]
04-secondary-lifetime,sham-ambiguous-unseen-off-route-cost0-m0 minus ordinary-ambiguous-unseen-off-route-cost0-m0,owner_ticks_alive,False,40,sham-ambiguous-unseen-off-route-cost0-m0,ordinary-ambiguous-unseen-off-route-cost0-m0,"{""display_seen"": false, ""effort_cost"": 0.0, ""layout"": ""off_route"", ""mirrored"": false, ""sender"": ""sham"", ""view"": ""ambiguous""}","{""ci95"": [0.0, 0.0], ""mean"": 0.0, ""n"": 40, ""negative"": 0, ""positive"": 0, ""zero"": 40}",[]
04-secondary-lifetime,sham-ambiguous-unseen-off-route-cost3-m0 minus ordinary-ambiguous-unseen-off-route-cost3-m0,owner_ticks_alive,False,40,sham-ambiguous-unseen-off-route-cost3-m0,ordinary-ambiguous-unseen-off-route-cost3-m0,"{""display_seen"": false, ""effort_cost"": 3.0, ""layout"": ""off_route"", ""mirrored"": false, ""sender"": ""sham"", ""view"": ""ambiguous""}","{""ci95"": [-3.0, -3.0], ""mean"": -3.0, ""n"": 40, ""negative"": 40, ""positive"": 0, ""zero"": 0}",[]
04-secondary-lifetime,sham-ambiguous-unseen-on-route-cost0-m0 minus ordinary-ambiguous-unseen-on-route-cost0-m0,owner_ticks_alive,False,40,sham-ambiguous-unseen-on-route-cost0-m0,ordinary-ambiguous-unseen-on-route-cost0-m0,"{""display_seen"": false, ""effort_cost"": 0.0, ""layout"": ""on_route"", ""mirrored"": false, ""sender"": ""sham"", ""view"": ""ambiguous""}","{""ci95"": [0.0, 0.0], ""mean"": 0.0, ""n"": 40, ""negative"": 0, ""positive"": 0, ""zero"": 40}",[]
04-secondary-lifetime,sham-ambiguous-unseen-on-route-cost3-m0 minus ordinary-ambiguous-unseen-on-route-cost3-m0,owner_ticks_alive,False,40,sham-ambiguous-unseen-on-route-cost3-m0,ordinary-ambiguous-unseen-on-route-cost3-m0,"{""display_seen"": false, ""effort_cost"": 3.0, ""layout"": ""on_route"", ""mirrored"": false, ""sender"": ""sham"", ""view"": ""ambiguous""}","{""ci95"": [-3.0, -3.0], ""mean"": -3.0, ""n"": 40, ""negative"": 40, ""positive"": 0, ""zero"": 0}",[]
04-secondary-lifetime,sham-clear-seen-off-route-cost0-m0 minus ordinary-clear-seen-off-route-cost0-m0,owner_ticks_alive,False,40,sham-clear-seen-off-route-cost0-m0,ordinary-clear-seen-off-route-cost0-m0,"{""display_seen"": true, ""effort_cost"": 0.0, ""layout"": ""off_route"", ""mirrored"": false, ""sender"": ""sham"", ""view"": ""clear""}","{""ci95"": [0.0, 0.0], ""mean"": 0.0, ""n"": 40, ""negative"": 0, ""positive"": 0, ""zero"": 40}",[]
04-secondary-lifetime,sham-clear-seen-off-route-cost3-m0 minus ordinary-clear-seen-off-route-cost3-m0,owner_ticks_alive,False,40,sham-clear-seen-off-route-cost3-m0,ordinary-clear-seen-off-route-cost3-m0,"{""display_seen"": true, ""effort_cost"": 3.0, ""layout"": ""off_route"", ""mirrored"": false, ""sender"": ""sham"", ""view"": ""clear""}","{""ci95"": [-3.0, -3.0], ""mean"": -3.0, ""n"": 40, ""negative"": 40, ""positive"": 0, ""zero"": 0}",[]
04-secondary-lifetime,sham-clear-seen-on-route-cost0-m0 minus ordinary-clear-seen-on-route-cost0-m0,owner_ticks_alive,False,40,sham-clear-seen-on-route-cost0-m0,ordinary-clear-seen-on-route-cost0-m0,"{""display_seen"": true, ""effort_cost"": 0.0, ""layout"": ""on_route"", ""mirrored"": false, ""sender"": ""sham"", ""view"": ""clear""}","{""ci95"": [0.0, 0.0], ""mean"": 0.0, ""n"": 40, ""negative"": 0, ""positive"": 0, ""zero"": 40}",[]
04-secondary-lifetime,sham-clear-seen-on-route-cost3-m0 minus ordinary-clear-seen-on-route-cost3-m0,owner_ticks_alive,False,40,sham-clear-seen-on-route-cost3-m0,ordinary-clear-seen-on-route-cost3-m0,"{""display_seen"": true, ""effort_cost"": 3.0, ""layout"": ""on_route"", ""mirrored"": false, ""sender"": ""sham"", ""view"": ""clear""}","{""ci95"": [-3.0, -3.0], ""mean"": -3.0, ""n"": 40, ""negative"": 40, ""positive"": 0, ""zero"": 0}",[]
04-secondary-lifetime,sham-clear-unseen-off-route-cost0-m0 minus ordinary-clear-unseen-off-route-cost0-m0,owner_ticks_alive,False,40,sham-clear-unseen-off-route-cost0-m0,ordinary-clear-unseen-off-route-cost0-m0,"{""display_seen"": false, ""effort_cost"": 0.0, ""layout"": ""off_route"", ""mirrored"": false, ""sender"": ""sham"", ""view"": ""clear""}","{""ci95"": [0.0, 0.0], ""mean"": 0.0, ""n"": 40, ""negative"": 0, ""positive"": 0, ""zero"": 40}",[]
04-secondary-lifetime,sham-clear-unseen-off-route-cost3-m0 minus ordinary-clear-unseen-off-route-cost3-m0,owner_ticks_alive,False,40,sham-clear-unseen-off-route-cost3-m0,ordinary-clear-unseen-off-route-cost3-m0,"{""display_seen"": false, ""effort_cost"": 3.0, ""layout"": ""off_route"", ""mirrored"": false, ""sender"": ""sham"", ""view"": ""clear""}","{""ci95"": [-3.0, -3.0], ""mean"": -3.0, ""n"": 40, ""negative"": 40, ""positive"": 0, ""zero"": 0}",[]
04-secondary-lifetime,sham-clear-unseen-on-route-cost0-m0 minus ordinary-clear-unseen-on-route-cost0-m0,owner_ticks_alive,False,40,sham-clear-unseen-on-route-cost0-m0,ordinary-clear-unseen-on-route-cost0-m0,"{""display_seen"": false, ""effort_cost"": 0.0, ""layout"": ""on_route"", ""mirrored"": false, ""sender"": ""sham"", ""view"": ""clear""}","{""ci95"": [0.0, 0.0], ""mean"": 0.0, ""n"": 40, ""negative"": 0, ""positive"": 0, ""zero"": 40}",[]
04-secondary-lifetime,sham-clear-unseen-on-route-cost3-m0 minus ordinary-clear-unseen-on-route-cost3-m0,owner_ticks_alive,False,40,sham-clear-unseen-on-route-cost3-m0,ordinary-clear-unseen-on-route-cost3-m0,"{""display_seen"": false, ""effort_cost"": 3.0, ""layout"": ""on_route"", ""mirrored"": false, ""sender"": ""sham"", ""view"": ""clear""}","{""ci95"": [-3.0, -3.0], ""mean"": -3.0, ""n"": 40, ""negative"": 40, ""positive"": 0, ""zero"": 0}",[]
04-secondary-lifetime,sham-ambiguous-seen-off-route-cost0-m1 minus ordinary-ambiguous-seen-off-route-cost0-m1,owner_ticks_alive,False,40,sham-ambiguous-seen-off-route-cost0-m1,ordinary-ambiguous-seen-off-route-cost0-m1,"{""display_seen"": true, ""effort_cost"": 0.0, ""layout"": ""off_route"", ""mirrored"": true, ""sender"": ""sham"", ""view"": ""ambiguous""}","{""ci95"": [4.666402530374855, 8.533597469625144], ""mean"": 6.6, ""n"": 40, ""negative"": 0, ""positive"": 22, ""zero"": 18}",[]
04-secondary-lifetime,sham-ambiguous-seen-off-route-cost3-m1 minus ordinary-ambiguous-seen-off-route-cost3-m1,owner_ticks_alive,False,40,sham-ambiguous-seen-off-route-cost3-m1,ordinary-ambiguous-seen-off-route-cost3-m1,"{""display_seen"": true, ""effort_cost"": 3.0, ""layout"": ""off_route"", ""mirrored"": true, ""sender"": ""sham"", ""view"": ""ambiguous""}","{""ci95"": [9.0, 9.0], ""mean"": 9.0, ""n"": 40, ""negative"": 0, ""positive"": 40, ""zero"": 0}",[]
04-secondary-lifetime,sham-ambiguous-seen-on-route-cost0-m1 minus ordinary-ambiguous-seen-on-route-cost0-m1,owner_ticks_alive,False,40,sham-ambiguous-seen-on-route-cost0-m1,ordinary-ambiguous-seen-on-route-cost0-m1,"{""display_seen"": true, ""effort_cost"": 0.0, ""layout"": ""on_route"", ""mirrored"": true, ""sender"": ""sham"", ""view"": ""ambiguous""}","{""ci95"": [0.0, 0.0], ""mean"": 0.0, ""n"": 40, ""negative"": 0, ""positive"": 0, ""zero"": 40}",[]
04-secondary-lifetime,sham-ambiguous-seen-on-route-cost3-m1 minus ordinary-ambiguous-seen-on-route-cost3-m1,owner_ticks_alive,False,40,sham-ambiguous-seen-on-route-cost3-m1,ordinary-ambiguous-seen-on-route-cost3-m1,"{""display_seen"": true, ""effort_cost"": 3.0, ""layout"": ""on_route"", ""mirrored"": true, ""sender"": ""sham"", ""view"": ""ambiguous""}","{""ci95"": [-3.0, -3.0], ""mean"": -3.0, ""n"": 40, ""negative"": 40, ""positive"": 0, ""zero"": 0}",[]
04-secondary-lifetime,sham-ambiguous-unseen-off-route-cost0-m1 minus ordinary-ambiguous-unseen-off-route-cost0-m1,owner_ticks_alive,False,40,sham-ambiguous-unseen-off-route-cost0-m1,ordinary-ambiguous-unseen-off-route-cost0-m1,"{""display_seen"": false, ""effort_cost"": 0.0, ""layout"": ""off_route"", ""mirrored"": true, ""sender"": ""sham"", ""view"": ""ambiguous""}","{""ci95"": [0.0, 0.0], ""mean"": 0.0, ""n"": 40, ""negative"": 0, ""positive"": 0, ""zero"": 40}",[]
04-secondary-lifetime,sham-ambiguous-unseen-off-route-cost3-m1 minus ordinary-ambiguous-unseen-off-route-cost3-m1,owner_ticks_alive,False,40,sham-ambiguous-unseen-off-route-cost3-m1,ordinary-ambiguous-unseen-off-route-cost3-m1,"{""display_seen"": false, ""effort_cost"": 3.0, ""layout"": ""off_route"", ""mirrored"": true, ""sender"": ""sham"", ""view"": ""ambiguous""}","{""ci95"": [-3.0, -3.0], ""mean"": -3.0, ""n"": 40, ""negative"": 40, ""positive"": 0, ""zero"": 0}",[]
04-secondary-lifetime,sham-ambiguous-unseen-on-route-cost0-m1 minus ordinary-ambiguous-unseen-on-route-cost0-m1,owner_ticks_alive,False,40,sham-ambiguous-unseen-on-route-cost0-m1,ordinary-ambiguous-unseen-on-route-cost0-m1,"{""display_seen"": false, ""effort_cost"": 0.0, ""layout"": ""on_route"", ""mirrored"": true, ""sender"": ""sham"", ""view"": ""ambiguous""}","{""ci95"": [0.0, 0.0], ""mean"": 0.0, ""n"": 40, ""negative"": 0, ""positive"": 0, ""zero"": 40}",[]
04-secondary-lifetime,sham-ambiguous-unseen-on-route-cost3-m1 minus ordinary-ambiguous-unseen-on-route-cost3-m1,owner_ticks_alive,False,40,sham-ambiguous-unseen-on-route-cost3-m1,ordinary-ambiguous-unseen-on-route-cost3-m1,"{""display_seen"": false, ""effort_cost"": 3.0, ""layout"": ""on_route"", ""mirrored"": true, ""sender"": ""sham"", ""view"": ""ambiguous""}","{""ci95"": [-3.0, -3.0], ""mean"": -3.0, ""n"": 40, ""negative"": 40, ""positive"": 0, ""zero"": 0}",[]
04-secondary-lifetime,sham-clear-seen-off-route-cost0-m1 minus ordinary-clear-seen-off-route-cost0-m1,owner_ticks_alive,False,40,sham-clear-seen-off-route-cost0-m1,ordinary-clear-seen-off-route-cost0-m1,"{""display_seen"": true, ""effort_cost"": 0.0, ""layout"": ""off_route"", ""mirrored"": true, ""sender"": ""sham"", ""view"": ""clear""}","{""ci95"": [0.0, 0.0], ""mean"": 0.0, ""n"": 40, ""negative"": 0, ""positive"": 0, ""zero"": 40}",[]
04-secondary-lifetime,sham-clear-seen-off-route-cost3-m1 minus ordinary-clear-seen-off-route-cost3-m1,owner_ticks_alive,False,40,sham-clear-seen-off-route-cost3-m1,ordinary-clear-seen-off-route-cost3-m1,"{""display_seen"": true, ""effort_cost"": 3.0, ""layout"": ""off_route"", ""mirrored"": true, ""sender"": ""sham"", ""view"": ""clear""}","{""ci95"": [-3.0, -3.0], ""mean"": -3.0, ""n"": 40, ""negative"": 40, ""positive"": 0, ""zero"": 0}",[]
04-secondary-lifetime,sham-clear-seen-on-route-cost0-m1 minus ordinary-clear-seen-on-route-cost0-m1,owner_ticks_alive,False,40,sham-clear-seen-on-route-cost0-m1,ordinary-clear-seen-on-route-cost0-m1,"{""display_seen"": true, ""effort_cost"": 0.0, ""layout"": ""on_route"", ""mirrored"": true, ""sender"": ""sham"", ""view"": ""clear""}","{""ci95"": [0.0, 0.0], ""mean"": 0.0, ""n"": 40, ""negative"": 0, ""positive"": 0, ""zero"": 40}",[]
04-secondary-lifetime,sham-clear-seen-on-route-cost3-m1 minus ordinary-clear-seen-on-route-cost3-m1,owner_ticks_alive,False,40,sham-clear-seen-on-route-cost3-m1,ordinary-clear-seen-on-route-cost3-m1,"{""display_seen"": true, ""effort_cost"": 3.0, ""layout"": ""on_route"", ""mirrored"": true, ""sender"": ""sham"", ""view"": ""clear""}","{""ci95"": [-3.0, -3.0], ""mean"": -3.0, ""n"": 40, ""negative"": 40, ""positive"": 0, ""zero"": 0}",[]
04-secondary-lifetime,sham-clear-unseen-off-route-cost0-m1 minus ordinary-clear-unseen-off-route-cost0-m1,owner_ticks_alive,False,40,sham-clear-unseen-off-route-cost0-m1,ordinary-clear-unseen-off-route-cost0-m1,"{""display_seen"": false, ""effort_cost"": 0.0, ""layout"": ""off_route"", ""mirrored"": true, ""sender"": ""sham"", ""view"": ""clear""}","{""ci95"": [0.0, 0.0], ""mean"": 0.0, ""n"": 40, ""negative"": 0, ""positive"": 0, ""zero"": 40}",[]
04-secondary-lifetime,sham-clear-unseen-off-route-cost3-m1 minus ordinary-clear-unseen-off-route-cost3-m1,owner_ticks_alive,False,40,sham-clear-unseen-off-route-cost3-m1,ordinary-clear-unseen-off-route-cost3-m1,"{""display_seen"": false, ""effort_cost"": 3.0, ""layout"": ""off_route"", ""mirrored"": true, ""sender"": ""sham"", ""view"": ""clear""}","{""ci95"": [-3.0, -3.0], ""mean"": -3.0, ""n"": 40, ""negative"": 40, ""positive"": 0, ""zero"": 0}",[]
04-secondary-lifetime,sham-clear-unseen-on-route-cost0-m1 minus ordinary-clear-unseen-on-route-cost0-m1,owner_ticks_alive,False,40,sham-clear-unseen-on-route-cost0-m1,ordinary-clear-unseen-on-route-cost0-m1,"{""display_seen"": false, ""effort_cost"": 0.0, ""layout"": ""on_route"", ""mirrored"": true, ""sender"": ""sham"", ""view"": ""clear""}","{""ci95"": [0.0, 0.0], ""mean"": 0.0, ""n"": 40, ""negative"": 0, ""positive"": 0, ""zero"": 40}",[]
04-secondary-lifetime,sham-clear-unseen-on-route-cost3-m1 minus ordinary-clear-unseen-on-route-cost3-m1,owner_ticks_alive,False,40,sham-clear-unseen-on-route-cost3-m1,ordinary-clear-unseen-on-route-cost3-m1,"{""display_seen"": false, ""effort_cost"": 3.0, ""layout"": ""on_route"", ""mirrored"": true, ""sender"": ""sham"", ""view"": ""clear""}","{""ci95"": [-3.0, -3.0], ""mean"": -3.0, ""n"": 40, ""negative"": 40, ""positive"": 0, ""zero"": 0}",[]
